"Time","gateway1","scheduler","worker1","worker2","worker4","worker5","worker6","worker7","worker8"
2026-01-27 14:10:00,10.1 kb/s,,3.78 kb/s,6.41 kb/s,7.52 kb/s,7.93 kb/s,1.87 kb/s,,8.40 Gb/s
2026-01-27 14:15:00,37.3 kb/s,5.41 kb/s,20.1 Mb/s,17.5 Mb/s,18.3 Mb/s,19.3 Mb/s,10.2 kb/s,,24.8 Gb/s
2026-01-27 14:20:00,18.1 kb/s,24.2 kb/s,20.5 Mb/s,29.2 Mb/s,30.3 Mb/s,25.3 Mb/s,6.17 kb/s,,40.0 Gb/s
2026-01-27 14:25:00,8.54 kb/s,33.8 kb/s,39.7 Mb/s,30.7 Mb/s,25.5 Mb/s,30.7 Mb/s,5.70 kb/s,,40.1 Gb/s
2026-01-27 14:30:00,7.85 kb/s,32.5 kb/s,21.4 Mb/s,25.5 Mb/s,30.7 Mb/s,25.5 Mb/s,5.72 kb/s,,40.2 Gb/s
2026-01-27 14:35:00,7.90 kb/s,32.0 kb/s,30.7 Mb/s,30.7 Mb/s,25.5 Mb/s,30.7 Mb/s,5.72 kb/s,,40.3 Gb/s
2026-01-27 14:40:00,7.93 kb/s,31.8 kb/s,30.7 Mb/s,25.5 Mb/s,30.7 Mb/s,30.8 Mb/s,5.75 kb/s,,40.4 Gb/s
2026-01-27 14:45:00,7.87 kb/s,32.5 kb/s,30.7 Mb/s,30.7 Mb/s,30.7 Mb/s,30.7 Mb/s,5.69 kb/s,,40.6 Gb/s
2026-01-27 14:50:00,8.00 kb/s,31.2 kb/s,10.4 Mb/s,10.4 Mb/s,10.4 Mb/s,10.4 Mb/s,5.75 kb/s,,40.6 Gb/s
2026-01-27 14:55:00,7.89 kb/s,34.1 kb/s,10.4 Mb/s,10.4 Mb/s,10.4 Mb/s,10.4 Mb/s,5.52 kb/s,,40.7 Gb/s
2026-01-27 15:00:00,7.88 kb/s,34.6 kb/s,10.4 Mb/s,10.4 Mb/s,10.4 Mb/s,10.4 Mb/s,5.53 kb/s,,40.7 Gb/s
2026-01-27 15:05:00,7.99 kb/s,33.3 kb/s,10.4 Mb/s,10.4 Mb/s,10.4 Mb/s,10.4 Mb/s,5.58 kb/s,,40.8 Gb/s
2026-01-27 15:10:00,7.96 kb/s,31.4 kb/s,10.4 Mb/s,10.4 Mb/s,10.4 Mb/s,10.4 Mb/s,5.71 kb/s,,40.8 Gb/s
2026-01-27 15:15:00,7.95 kb/s,34.0 kb/s,10.4 Mb/s,10.4 Mb/s,10.4 Mb/s,10.4 Mb/s,5.71 kb/s,,40.9 Gb/s
2026-01-27 15:20:00,7.95 kb/s,34.4 kb/s,10.4 Mb/s,15.5 Mb/s,10.4 Mb/s,10.4 Mb/s,5.72 kb/s,,41.9 Gb/s
2026-01-27 15:25:00,7.95 kb/s,34.2 kb/s,10.4 Mb/s,10.4 Mb/s,10.4 Mb/s,10.4 Mb/s,5.72 kb/s,,43.4 Gb/s
2026-01-27 15:30:00,7.95 kb/s,34.5 kb/s,10.4 Mb/s,10.4 Mb/s,10.4 Mb/s,10.4 Mb/s,5.72 kb/s,,43.9 Gb/s
2026-01-27 15:35:00,7.87 kb/s,31.7 kb/s,10.4 Mb/s,10.4 Mb/s,10.4 Mb/s,10.4 Mb/s,5.58 kb/s,,43.5 Gb/s
2026-01-27 15:40:00,7.92 kb/s,29.9 kb/s,10.4 Mb/s,10.4 Mb/s,10.4 Mb/s,10.4 Mb/s,5.58 kb/s,,44.1 Gb/s
2026-01-27 15:45:00,8.02 kb/s,32.2 kb/s,5.23 Mb/s,10.4 Mb/s,9.43 Mb/s,5.23 Mb/s,5.51 kb/s,,43.7 Gb/s
2026-01-27 15:50:00,7.82 kb/s,33.9 kb/s,5.23 Mb/s,10.3 Mb/s,11.2 Mb/s,12.8 Mb/s,5.73 kb/s,,43.7 Gb/s
2026-01-27 15:55:00,7.92 kb/s,39.1 kb/s,10.4 Mb/s,5.23 Mb/s,10.4 Mb/s,10.4 Mb/s,5.61 kb/s,,42.3 Gb/s
2026-01-27 16:00:00,7.96 kb/s,38.3 kb/s,10.4 Mb/s,10.4 Mb/s,10.4 Mb/s,10.4 Mb/s,5.79 kb/s,,41.3 Gb/s
2026-01-27 16:05:00,8.01 kb/s,37.4 kb/s,10.4 Mb/s,10.4 Mb/s,10.4 Mb/s,10.4 Mb/s,5.69 kb/s,,41.4 Gb/s
2026-01-27 16:10:00,7.95 kb/s,36.5 kb/s,10.4 Mb/s,10.4 Mb/s,10.4 Mb/s,10.4 Mb/s,5.69 kb/s,,41.4 Gb/s
2026-01-27 16:15:00,7.90 kb/s,33.6 kb/s,10.4 Mb/s,10.4 Mb/s,10.4 Mb/s,10.4 Mb/s,5.69 kb/s,,41.5 Gb/s
2026-01-27 16:20:00,7.89 kb/s,33.1 kb/s,5.23 Mb/s,10.4 Mb/s,10.4 Mb/s,10.4 Mb/s,5.57 kb/s,,41.5 Gb/s
2026-01-27 16:25:00,7.92 kb/s,34.3 kb/s,18.0 Mb/s,20.6 Mb/s,13.0 Mb/s,7.75 Mb/s,5.52 kb/s,,41.6 Gb/s
2026-01-27 16:30:00,7.90 kb/s,34.0 kb/s,15.4 Mb/s,10.4 Mb/s,12.8 Mb/s,20.6 Mb/s,5.74 kb/s,,41.6 Gb/s
2026-01-27 16:35:00,7.86 kb/s,33.1 kb/s,10.4 Mb/s,5.23 Mb/s,10.4 Mb/s,5.23 Mb/s,5.72 kb/s,,41.7 Gb/s
2026-01-27 16:40:00,7.90 kb/s,33.6 kb/s,10.4 Mb/s,5.23 Mb/s,5.23 Mb/s,10.4 Mb/s,5.61 kb/s,,41.7 Gb/s
2026-01-27 16:45:00,8.01 kb/s,32.3 kb/s,10.4 Mb/s,10.4 Mb/s,10.4 Mb/s,10.4 Mb/s,5.70 kb/s,,41.8 Gb/s
2026-01-27 16:50:00,7.89 kb/s,36.8 kb/s,10.4 Mb/s,10.4 Mb/s,10.4 Mb/s,10.4 Mb/s,5.55 kb/s,,41.8 Gb/s
2026-01-27 16:55:00,7.92 kb/s,34.9 kb/s,10.4 Mb/s,10.4 Mb/s,10.4 Mb/s,10.4 Mb/s,5.58 kb/s,,41.9 Gb/s
2026-01-27 17:00:00,7.87 kb/s,32.4 kb/s,10.4 Mb/s,20.6 Mb/s,10.4 Mb/s,10.4 Mb/s,5.69 kb/s,,41.9 Gb/s
2026-01-27 17:05:00,7.81 kb/s,16.3 kb/s,10.2 Mb/s,10.1 Mb/s,2.54 Mb/s,2.53 Mb/s,5.64 kb/s,,41.9 Gb/s
2026-01-27 17:10:00,7.91 kb/s,18.0 kb/s,5.85 kb/s,10.4 Mb/s,5.22 Mb/s,7.78 kb/s,5.49 kb/s,,41.9 Gb/s
2026-01-27 17:15:00,7.84 kb/s,38.2 kb/s,10.4 Mb/s,11.3 kb/s,5.23 Mb/s,10.4 Mb/s,5.66 kb/s,,42.0 Gb/s
2026-01-27 17:20:00,7.88 kb/s,33.5 kb/s,10.4 Mb/s,10.4 Mb/s,10.4 Mb/s,10.4 Mb/s,5.52 kb/s,,42.1 Gb/s
2026-01-27 17:25:00,7.93 kb/s,31.3 kb/s,10.4 Mb/s,10.4 Mb/s,10.4 Mb/s,10.4 Mb/s,5.55 kb/s,,43.0 Gb/s
2026-01-27 17:30:00,7.90 kb/s,32.5 kb/s,10.4 Mb/s,10.4 Mb/s,10.4 Mb/s,10.4 Mb/s,5.52 kb/s,,42.4 Gb/s
2026-01-27 17:35:00,7.99 kb/s,28.9 kb/s,20.6 Mb/s,18.9 Mb/s,30.7 Mb/s,25.7 Mb/s,5.57 kb/s,,42.5 Gb/s
2026-01-27 17:40:00,7.84 kb/s,41.4 kb/s,20.6 Mb/s,19.7 Mb/s,20.6 Mb/s,20.6 Mb/s,5.52 kb/s,,44.4 Gb/s
2026-01-27 17:45:00,7.81 kb/s,57.4 kb/s,10.2 Mb/s,10.2 Mb/s,10.1 Mb/s,10.1 Mb/s,5.49 kb/s,,43.5 Gb/s
2026-01-27 17:50:00,7.95 kb/s,44.4 kb/s,10.4 Mb/s,10.4 Mb/s,10.4 Mb/s,10.4 Mb/s,5.84 kb/s,,42.6 Gb/s
2026-01-27 17:55:00,7.88 kb/s,31.9 kb/s,5.23 Mb/s,10.4 Mb/s,10.4 Mb/s,10.4 Mb/s,5.55 kb/s,,42.6 Gb/s
2026-01-27 18:00:00,7.99 kb/s,34.9 kb/s,10.4 Mb/s,10.4 Mb/s,10.4 Mb/s,5.34 Mb/s,5.62 kb/s,,42.6 Gb/s
2026-01-27 18:05:00,7.87 kb/s,34.6 kb/s,5.23 Mb/s,10.4 Mb/s,10.4 Mb/s,10.3 Mb/s,5.62 kb/s,,42.7 Gb/s
2026-01-27 18:10:00,7.81 kb/s,27.6 kb/s,10.4 Mb/s,9.61 kb/s,10.4 kb/s,5.23 Mb/s,5.98 kb/s,,42.7 Gb/s
2026-01-27 18:15:00,7.85 kb/s,18.1 kb/s,5.84 kb/s,10.4 Mb/s,5.22 Mb/s,7.77 kb/s,5.49 kb/s,,42.7 Gb/s
2026-01-27 18:20:00,7.82 kb/s,30.6 kb/s,15.7 Mb/s,5.23 Mb/s,5.23 Mb/s,10.4 Mb/s,5.55 kb/s,,42.9 Gb/s
2026-01-27 18:25:00,7.98 kb/s,26.3 kb/s,20.6 Mb/s,7.60 Mb/s,18.1 Mb/s,18.1 Mb/s,5.74 kb/s,,43.0 Gb/s
2026-01-27 18:30:00,7.90 kb/s,32.9 kb/s,10.4 Mb/s,8.06 Mb/s,10.4 Mb/s,10.4 Mb/s,5.57 kb/s,,43.1 Gb/s
2026-01-27 18:35:00,8.01 kb/s,32.7 kb/s,10.4 Mb/s,10.4 Mb/s,10.4 Mb/s,10.4 Mb/s,5.74 kb/s,,43.2 Gb/s
2026-01-27 18:40:00,8.01 kb/s,29.8 kb/s,10.4 Mb/s,10.4 Mb/s,10.4 Mb/s,10.4 Mb/s,5.75 kb/s,,43.3 Gb/s
2026-01-27 18:45:00,7.94 kb/s,31.5 kb/s,10.4 Mb/s,10.4 Mb/s,10.4 Mb/s,10.4 Mb/s,5.70 kb/s,,47.3 Gb/s
2026-01-27 18:50:00,7.87 kb/s,33.7 kb/s,10.4 Mb/s,10.4 Mb/s,10.4 Mb/s,10.4 Mb/s,5.58 kb/s,,47.4 Gb/s
2026-01-27 18:55:00,7.84 kb/s,36.8 kb/s,20.6 Mb/s,10.4 Mb/s,10.4 Mb/s,10.4 Mb/s,5.37 kb/s,,44.9 Gb/s
2026-01-27 19:00:00,7.81 kb/s,57.6 kb/s,10.2 Mb/s,10.2 Mb/s,5.10 Mb/s,13.7 kb/s,5.49 kb/s,,47.7 Gb/s
2026-01-27 19:05:00,7.93 kb/s,48.0 kb/s,10.4 Mb/s,10.4 Mb/s,10.4 Mb/s,10.4 Mb/s,5.69 kb/s,,51.9 Gb/s
2026-01-27 19:10:00,7.81 kb/s,51.5 kb/s,11.8 kb/s,11.7 kb/s,12.2 kb/s,12.9 kb/s,5.64 kb/s,,51.9 Gb/s
2026-01-27 19:15:00,8.01 kb/s,32.8 kb/s,10.4 Mb/s,10.4 Mb/s,10.4 Mb/s,10.4 Mb/s,5.75 kb/s,,50.6 Gb/s
2026-01-27 19:20:00,7.92 kb/s,35.8 kb/s,10.4 Mb/s,10.4 Mb/s,10.4 Mb/s,10.4 Mb/s,5.72 kb/s,,50.7 Gb/s
2026-01-27 19:25:00,7.98 kb/s,31.7 kb/s,10.4 Mb/s,10.4 Mb/s,10.4 Mb/s,10.4 Mb/s,5.72 kb/s,,50.7 Gb/s
2026-01-27 19:30:00,7.94 kb/s,30.8 kb/s,10.4 Mb/s,10.4 Mb/s,10.4 Mb/s,10.4 Mb/s,5.53 kb/s,,52.2 Gb/s
2026-01-27 19:35:00,7.90 kb/s,35.6 kb/s,15.5 Mb/s,20.6 Mb/s,20.6 Mb/s,20.6 Mb/s,5.72 kb/s,,50.9 Gb/s
2026-01-27 19:40:00,7.98 kb/s,30.3 kb/s,15.5 Mb/s,10.4 Mb/s,10.4 Mb/s,10.4 Mb/s,5.72 kb/s,,52.4 Gb/s
2026-01-27 19:45:00,7.92 kb/s,32.8 kb/s,10.4 Mb/s,10.4 Mb/s,10.4 Mb/s,10.4 Mb/s,5.52 kb/s,,52.5 Gb/s
2026-01-27 19:50:00,7.84 kb/s,30.7 kb/s,10.4 Mb/s,10.4 Mb/s,10.4 Mb/s,10.4 Mb/s,5.72 kb/s,,52.6 Gb/s
2026-01-27 19:55:00,8.01 kb/s,35.0 kb/s,10.2 kb/s,10.4 Mb/s,10.4 Mb/s,5.23 Mb/s,5.62 kb/s,,52.7 Gb/s
2026-01-27 20:00:00,7.95 kb/s,35.0 kb/s,10.4 Mb/s,10.4 Mb/s,9.38 Mb/s,10.4 Mb/s,5.63 kb/s,,52.7 Gb/s
2026-01-27 20:05:00,7.81 kb/s,33.6 kb/s,10.4 Mb/s,4.11 Mb/s,1.08 Mb/s,5.23 Mb/s,5.58 kb/s,,52.8 Gb/s
2026-01-27 20:10:00,7.92 kb/s,46.9 kb/s,10.4 Mb/s,6.34 Mb/s,10.4 Mb/s,10.4 Mb/s,5.69 kb/s,,52.8 Gb/s
2026-01-27 20:15:00,7.83 kb/s,58.0 kb/s,11.8 kb/s,5.22 Mb/s,2.54 Mb/s,2.56 Mb/s,5.50 kb/s,,52.9 Gb/s
2026-01-27 20:20:00,7.96 kb/s,46.9 kb/s,10.4 Mb/s,7.78 Mb/s,10.4 Mb/s,10.4 Mb/s,5.69 kb/s,,51.4 Gb/s
2026-01-27 20:25:00,7.81 kb/s,57.9 kb/s,11.6 kb/s,5.23 Mb/s,12.9 kb/s,13.6 kb/s,5.49 kb/s,,52.9 Gb/s
2026-01-27 20:30:00,7.84 kb/s,32.2 kb/s,10.4 Mb/s,5.23 Mb/s,10.4 Mb/s,10.4 Mb/s,5.87 kb/s,,53.0 Gb/s
2026-01-27 20:35:00,7.90 kb/s,33.0 kb/s,10.4 Mb/s,10.4 Mb/s,10.4 Mb/s,10.4 Mb/s,5.63 kb/s,,51.6 Gb/s
2026-01-27 20:40:00,7.96 kb/s,32.2 kb/s,10.4 Mb/s,10.4 Mb/s,10.4 Mb/s,10.4 Mb/s,5.57 kb/s,,51.6 Gb/s
2026-01-27 20:45:00,7.93 kb/s,33.6 kb/s,10.4 Mb/s,10.4 Mb/s,10.4 Mb/s,10.4 Mb/s,5.58 kb/s,,53.2 Gb/s
2026-01-27 20:50:00,7.93 kb/s,35.8 kb/s,15.5 Mb/s,15.5 Mb/s,15.5 Mb/s,10.4 Mb/s,5.55 kb/s,,51.8 Gb/s
2026-01-27 20:55:00,7.86 kb/s,34.1 kb/s,12.9 Mb/s,10.4 Mb/s,15.5 Mb/s,5.23 Mb/s,5.44 kb/s,,53.3 Gb/s
2026-01-27 21:00:00,7.83 kb/s,43.0 kb/s,5.23 Mb/s,10.9 kb/s,11.2 kb/s,5.23 Mb/s,5.75 kb/s,,53.4 Gb/s
2026-01-27 21:05:00,7.98 kb/s,31.9 kb/s,10.4 Mb/s,10.4 Mb/s,10.4 Mb/s,10.4 Mb/s,5.54 kb/s,,53.4 Gb/s
2026-01-27 21:10:00,7.90 kb/s,31.7 kb/s,10.4 Mb/s,10.4 Mb/s,10.4 Mb/s,10.4 Mb/s,5.63 kb/s,,53.5 Gb/s
2026-01-27 21:15:00,7.99 kb/s,31.8 kb/s,10.4 Mb/s,10.4 Mb/s,10.4 Mb/s,10.4 Mb/s,5.57 kb/s,,53.6 Gb/s
2026-01-27 21:20:00,7.99 kb/s,33.8 kb/s,10.4 Mb/s,10.4 Mb/s,10.4 Mb/s,10.4 Mb/s,5.58 kb/s,,53.7 Gb/s
2026-01-27 21:25:00,7.89 kb/s,27.2 kb/s,10.4 Mb/s,10.4 Mb/s,10.4 Mb/s,10.4 Mb/s,5.56 kb/s,,53.7 Gb/s
2026-01-27 21:30:00,7.84 kb/s,37.0 kb/s,10.4 Mb/s,10.4 Mb/s,10.4 Mb/s,10.4 Mb/s,5.69 kb/s,,53.8 Gb/s
2026-01-27 21:35:00,7.81 kb/s,57.5 kb/s,11.7 kb/s,12.3 kb/s,12.7 kb/s,13.6 kb/s,5.49 kb/s,,53.9 Gb/s
2026-01-27 21:40:00,8.00 kb/s,35.0 kb/s,10.4 Mb/s,10.4 Mb/s,10.4 Mb/s,10.4 Mb/s,5.87 kb/s,,53.9 Gb/s
2026-01-27 21:45:00,8.00 kb/s,28.1 kb/s,10.4 Mb/s,10.4 Mb/s,10.4 Mb/s,10.4 Mb/s,5.58 kb/s,,54.0 Gb/s
2026-01-27 21:50:00,7.96 kb/s,35.7 kb/s,10.4 Mb/s,10.4 Mb/s,10.4 Mb/s,10.4 Mb/s,5.58 kb/s,,54.1 Gb/s
2026-01-27 21:55:00,7.98 kb/s,35.0 kb/s,10.4 Mb/s,10.4 Mb/s,10.4 Mb/s,10.4 Mb/s,5.58 kb/s,,54.1 Gb/s
2026-01-27 22:00:00,7.98 kb/s,33.4 kb/s,10.4 Mb/s,10.4 Mb/s,10.4 Mb/s,10.4 Mb/s,5.58 kb/s,,54.2 Gb/s
2026-01-27 22:05:00,7.89 kb/s,32.3 kb/s,14.8 Mb/s,10.4 Mb/s,10.4 Mb/s,20.6 Mb/s,5.72 kb/s,,54.3 Gb/s
2026-01-27 22:10:00,7.92 kb/s,34.9 kb/s,762 kb/s,10.4 Mb/s,9.88 Mb/s,5.23 Mb/s,5.58 kb/s,,54.4 Gb/s
2026-01-27 22:15:00,7.81 kb/s,35.6 kb/s,10.4 Mb/s,113 kb/s,571 kb/s,5.23 Mb/s,5.63 kb/s,,54.4 Gb/s
2026-01-27 22:20:00,7.98 kb/s,28.7 kb/s,10.4 Mb/s,10.3 Mb/s,10.4 Mb/s,10.4 Mb/s,5.66 kb/s,,54.5 Gb/s
2026-01-27 22:25:00,7.95 kb/s,29.6 kb/s,10.4 Mb/s,10.4 Mb/s,10.4 Mb/s,10.4 Mb/s,5.75 kb/s,,54.6 Gb/s
2026-01-27 22:30:00,8.02 kb/s,28.4 kb/s,10.4 Mb/s,10.4 Mb/s,10.4 Mb/s,10.4 Mb/s,5.60 kb/s,,54.6 Gb/s
2026-01-27 22:35:00,7.96 kb/s,41.2 kb/s,10.4 Mb/s,10.4 Mb/s,10.4 Mb/s,10.4 Mb/s,5.66 kb/s,,54.7 Gb/s
2026-01-27 22:40:00,7.95 kb/s,42.7 kb/s,5.23 Mb/s,10.4 Mb/s,13.0 Mb/s,8.48 Mb/s,5.83 kb/s,,50.0 Gb/s
2026-01-27 22:45:00,7.90 kb/s,36.4 kb/s,5.23 Mb/s,10.1 Mb/s,5.23 Mb/s,1.98 Mb/s,5.51 kb/s,,45.3 Gb/s
2026-01-27 22:50:00,7.94 kb/s,31.8 kb/s,10.4 Mb/s,5.69 Mb/s,7.42 Mb/s,10.4 Mb/s,5.75 kb/s,,45.3 Gb/s
2026-01-27 22:55:00,7.91 kb/s,34.4 kb/s,10.4 Mb/s,5.11 Mb/s,8.25 Mb/s,10.4 Mb/s,5.63 kb/s,,45.4 Gb/s
2026-01-27 23:00:00,7.92 kb/s,31.4 kb/s,10.4 Mb/s,10.4 Mb/s,10.4 Mb/s,10.4 Mb/s,5.63 kb/s,,45.4 Gb/s
2026-01-27 23:05:00,7.95 kb/s,30.2 kb/s,10.4 Mb/s,10.4 Mb/s,10.4 Mb/s,10.4 Mb/s,5.75 kb/s,,45.5 Gb/s
2026-01-27 23:10:00,7.89 kb/s,30.8 kb/s,10.4 Mb/s,18.0 Mb/s,10.4 Mb/s,10.4 Mb/s,5.72 kb/s,,45.5 Gb/s
2026-01-27 23:15:00,7.99 kb/s,32.2 kb/s,10.4 Mb/s,10.4 Mb/s,10.4 Mb/s,10.4 Mb/s,5.55 kb/s,,52.0 Gb/s
2026-01-27 23:20:00,7.98 kb/s,34.5 kb/s,10.4 Mb/s,10.4 Mb/s,10.4 Mb/s,10.4 Mb/s,5.54 kb/s,,53.7 Gb/s
2026-01-27 23:25:00,7.98 kb/s,34.0 kb/s,10.4 Mb/s,10.4 Mb/s,10.4 Mb/s,10.4 Mb/s,5.54 kb/s,,53.8 Gb/s
2026-01-27 23:30:00,7.98 kb/s,35.9 kb/s,10.4 Mb/s,10.4 Mb/s,10.4 Mb/s,10.4 Mb/s,5.55 kb/s,,53.9 Gb/s
2026-01-27 23:35:00,7.98 kb/s,34.9 kb/s,10.4 Mb/s,10.4 Mb/s,10.4 Mb/s,10.4 Mb/s,5.54 kb/s,,53.9 Gb/s
2026-01-27 23:40:00,7.98 kb/s,33.6 kb/s,10.4 Mb/s,10.4 Mb/s,10.4 Mb/s,10.4 Mb/s,5.60 kb/s,,54.0 Gb/s
2026-01-27 23:45:00,7.98 kb/s,34.0 kb/s,10.4 kb/s,10.4 Mb/s,10.4 Mb/s,8.38 Mb/s,5.56 kb/s,,54.1 Gb/s
2026-01-27 23:50:00,7.91 kb/s,36.1 kb/s,10.4 Mb/s,8.02 Mb/s,4.81 Mb/s,4.59 Mb/s,5.56 kb/s,,52.5 Gb/s
2026-01-27 23:55:00,7.93 kb/s,35.1 kb/s,10.4 Mb/s,2.43 Mb/s,5.64 Mb/s,10.4 Mb/s,5.75 kb/s,,54.2 Gb/s
2026-01-28 00:00:00,8.02 kb/s,30.4 kb/s,10.4 Mb/s,10.4 Mb/s,10.4 Mb/s,10.4 Mb/s,5.75 kb/s,,54.3 Gb/s
2026-01-28 00:05:00,8.01 kb/s,33.0 kb/s,10.4 Mb/s,10.4 Mb/s,10.4 Mb/s,10.4 Mb/s,5.69 kb/s,,54.4 Gb/s
2026-01-28 00:10:00,8.01 kb/s,35.4 kb/s,10.4 Mb/s,10.4 Mb/s,10.4 Mb/s,10.4 Mb/s,5.75 kb/s,,56.1 Gb/s
2026-01-28 00:15:00,7.98 kb/s,29.3 kb/s,10.4 Mb/s,10.4 Mb/s,10.4 Mb/s,10.4 Mb/s,5.54 kb/s,,54.5 Gb/s
2026-01-28 00:20:00,7.98 kb/s,34.5 kb/s,10.4 Mb/s,10.4 Mb/s,10.4 Mb/s,15.5 Mb/s,5.55 kb/s,,56.2 Gb/s
2026-01-28 00:25:00,7.98 kb/s,34.3 kb/s,10.4 Mb/s,10.4 Mb/s,10.4 Mb/s,10.4 Mb/s,5.55 kb/s,,54.6 Gb/s
2026-01-28 00:30:00,8.01 kb/s,33.4 kb/s,10.4 Mb/s,10.4 Mb/s,10.4 Mb/s,10.4 Mb/s,5.72 kb/s,,56.4 Gb/s
2026-01-28 00:35:00,7.98 kb/s,32.2 kb/s,10.4 Mb/s,10.4 Mb/s,10.4 Mb/s,10.4 Mb/s,5.55 kb/s,,56.5 Gb/s
2026-01-28 00:40:00,7.95 kb/s,31.6 kb/s,10.4 Mb/s,10.4 Mb/s,10.4 Mb/s,10.4 Mb/s,5.54 kb/s,,54.9 Gb/s
2026-01-28 00:45:00,7.91 kb/s,34.5 kb/s,10.4 Mb/s,10.4 Mb/s,10.4 Mb/s,10.4 Mb/s,5.72 kb/s,,54.9 Gb/s
2026-01-28 00:50:00,7.90 kb/s,33.1 kb/s,5.23 Mb/s,10.4 Mb/s,15.5 Mb/s,8.91 Mb/s,5.65 kb/s,,56.7 Gb/s
2026-01-28 00:55:00,7.87 kb/s,36.0 kb/s,5.23 Mb/s,10.4 Mb/s,5.23 Mb/s,1.55 Mb/s,5.59 kb/s,,56.8 Gb/s
2026-01-28 01:00:00,7.84 kb/s,35.0 kb/s,10.4 Mb/s,5.23 Mb/s,5.23 Mb/s,10.4 Mb/s,5.75 kb/s,,56.9 Gb/s
2026-01-28 01:05:00,7.90 kb/s,33.1 kb/s,10.4 Mb/s,5.23 Mb/s,10.4 Mb/s,10.4 Mb/s,5.66 kb/s,,56.9 Gb/s
2026-01-28 01:10:00,8.01 kb/s,32.9 kb/s,10.4 Mb/s,10.4 Mb/s,10.4 Mb/s,10.4 Mb/s,5.69 kb/s,,57.0 Gb/s
2026-01-28 01:15:00,7.89 kb/s,34.7 kb/s,10.4 Mb/s,10.4 Mb/s,10.4 Mb/s,10.4 Mb/s,5.55 kb/s,,57.1 Gb/s
2026-01-28 01:20:00,7.96 kb/s,33.0 kb/s,10.4 Mb/s,10.4 Mb/s,10.4 Mb/s,10.4 Mb/s,5.71 kb/s,,57.2 Gb/s
2026-01-28 01:25:00,8.01 kb/s,32.4 kb/s,10.4 Mb/s,10.4 Mb/s,10.4 Mb/s,13.0 Mb/s,5.55 kb/s,,55.5 Gb/s
2026-01-28 01:30:00,8.00 kb/s,33.1 kb/s,10.4 Mb/s,10.4 Mb/s,10.4 Mb/s,10.4 Mb/s,5.61 kb/s,,57.3 Gb/s
2026-01-28 01:35:00,7.99 kb/s,34.3 kb/s,10.4 Mb/s,10.4 Mb/s,10.4 Mb/s,10.4 Mb/s,5.55 kb/s,,55.7 Gb/s
2026-01-28 01:40:00,7.98 kb/s,34.8 kb/s,10.4 Mb/s,10.4 Mb/s,10.4 Mb/s,10.4 Mb/s,5.69 kb/s,,57.5 Gb/s
2026-01-28 01:45:00,7.95 kb/s,33.3 kb/s,10.4 Mb/s,10.4 Mb/s,10.4 Mb/s,10.4 Mb/s,5.72 kb/s,,55.8 Gb/s
2026-01-28 01:50:00,7.86 kb/s,32.1 kb/s,10.4 Mb/s,10.4 Mb/s,10.4 Mb/s,10.4 Mb/s,5.52 kb/s,,57.6 Gb/s
2026-01-28 01:55:00,7.53 kb/s,33.3 kb/s,2.55 Mb/s,18.1 Mb/s,12.8 Mb/s,12.0 kb/s,6.42 kb/s,,30.1 Gb/s
2026-01-28 02:00:00,7.05 kb/s,30.8 kb/s,10.4 Mb/s,5.23 Mb/s,5.23 Mb/s,10.5 Mb/s,13.1 kb/s,,11.9 Gb/s
2026-01-28 02:05:00,7.16 kb/s,33.6 kb/s,10.4 Mb/s,5.23 Mb/s,10.4 Mb/s,10.5 Mb/s,13.0 kb/s,,13.8 Gb/s
2026-01-28 02:10:00,7.07 kb/s,31.0 kb/s,10.4 Mb/s,10.4 Mb/s,10.4 Mb/s,10.4 Mb/s,13.0 kb/s,,11.4 Gb/s
2026-01-28 02:15:00,7.18 kb/s,33.3 kb/s,10.4 Mb/s,10.4 Mb/s,10.5 Mb/s,10.5 Mb/s,13.1 kb/s,,13.9 Gb/s
2026-01-28 02:20:00,7.17 kb/s,30.9 kb/s,10.4 Mb/s,10.4 Mb/s,10.4 Mb/s,10.5 Mb/s,13.0 kb/s,,11.5 Gb/s
2026-01-28 02:25:00,7.13 kb/s,33.2 kb/s,10.4 Mb/s,10.4 Mb/s,10.4 Mb/s,10.4 Mb/s,13.0 kb/s,,12.1 Gb/s
2026-01-28 02:30:00,7.13 kb/s,29.2 kb/s,20.6 Mb/s,15.5 Mb/s,13.0 Mb/s,20.6 Mb/s,13.0 kb/s,,8.55 Gb/s
2026-01-28 02:35:00,7.05 kb/s,35.1 kb/s,10.4 Mb/s,10.5 Mb/s,10.5 Mb/s,10.5 Mb/s,13.0 kb/s,,12.3 Gb/s
2026-01-28 02:40:00,7.16 kb/s,32.4 kb/s,10.4 Mb/s,10.4 Mb/s,10.4 Mb/s,10.5 Mb/s,13.0 kb/s,,11.8 Gb/s
2026-01-28 02:45:00,7.16 kb/s,33.1 kb/s,6.48 Mb/s,10.4 Mb/s,10.4 Mb/s,10.5 Mb/s,13.0 kb/s,,10.5 Gb/s
2026-01-28 02:50:00,7.10 kb/s,33.8 kb/s,3.99 Mb/s,10.4 Mb/s,9.66 Mb/s,5.23 Mb/s,12.9 kb/s,,11.8 Gb/s
2026-01-28 02:55:00,7.06 kb/s,32.0 kb/s,10.4 Mb/s,5.23 Mb/s,806 kb/s,5.23 Mb/s,13.0 kb/s,,12.5 Gb/s
2026-01-28 03:00:00,7.13 kb/s,31.7 kb/s,10.4 Mb/s,5.23 Mb/s,10.5 Mb/s,10.5 Mb/s,13.0 kb/s,,10.6 Gb/s
2026-01-28 03:05:00,7.20 kb/s,33.2 kb/s,10.4 Mb/s,10.4 Mb/s,10.4 Mb/s,10.4 Mb/s,13.0 kb/s,,12.0 Gb/s
2026-01-28 03:10:00,7.10 kb/s,31.1 kb/s,10.4 Mb/s,10.4 Mb/s,10.4 Mb/s,10.5 Mb/s,13.0 kb/s,,12.6 Gb/s
2026-01-28 03:15:00,7.16 kb/s,31.0 kb/s,10.4 Mb/s,10.4 Mb/s,10.4 Mb/s,10.4 Mb/s,13.0 kb/s,,14.6 Gb/s
2026-01-28 03:20:00,7.08 kb/s,29.6 kb/s,10.4 Mb/s,10.4 Mb/s,10.4 Mb/s,10.5 Mb/s,13.0 kb/s,,12.1 Gb/s
2026-01-28 03:25:00,7.16 kb/s,32.4 kb/s,10.4 Mb/s,10.4 Mb/s,10.4 Mb/s,10.5 Mb/s,13.0 kb/s,,12.8 Gb/s
2026-01-28 03:30:00,7.05 kb/s,31.4 kb/s,10.4 Mb/s,10.4 Mb/s,10.4 Mb/s,10.5 Mb/s,12.9 kb/s,,12.2 Gb/s
2026-01-28 03:35:00,7.16 kb/s,32.9 kb/s,10.4 Mb/s,15.5 Mb/s,10.4 Mb/s,13.0 Mb/s,13.0 kb/s,,12.8 Gb/s
2026-01-28 03:40:00,7.10 kb/s,33.2 kb/s,10.4 Mb/s,10.4 Mb/s,10.4 Mb/s,10.5 Mb/s,13.0 kb/s,,14.8 Gb/s
2026-01-28 03:45:00,7.17 kb/s,29.6 kb/s,10.4 Mb/s,10.4 Mb/s,10.4 Mb/s,10.4 Mb/s,13.0 kb/s,,12.3 Gb/s
2026-01-28 03:50:00,7.17 kb/s,34.3 kb/s,6.19 Mb/s,10.4 Mb/s,10.5 Mb/s,10.5 Mb/s,13.0 kb/s,,14.9 Gb/s
2026-01-28 03:55:00,7.05 kb/s,32.2 kb/s,4.28 Mb/s,10.4 Mb/s,10.4 Mb/s,5.23 Mb/s,12.9 kb/s,,12.4 Gb/s
2026-01-28 04:00:00,7.02 kb/s,32.4 kb/s,10.4 Mb/s,5.23 Mb/s,19.0 kb/s,5.23 Mb/s,12.9 kb/s,,13.1 Gb/s
2026-01-28 04:05:00,7.16 kb/s,32.3 kb/s,10.4 Mb/s,5.23 Mb/s,10.4 Mb/s,10.5 Mb/s,13.0 kb/s,,15.0 Gb/s
2026-01-28 04:10:00,7.05 kb/s,32.9 kb/s,10.4 Mb/s,10.4 Mb/s,13.0 Mb/s,10.4 Mb/s,13.0 kb/s,,10.5 Gb/s
2026-01-28 04:15:00,7.19 kb/s,32.0 kb/s,10.4 Mb/s,10.4 Mb/s,10.4 Mb/s,10.4 Mb/s,13.0 kb/s,,11.2 Gb/s
2026-01-28 04:20:00,7.10 kb/s,27.7 kb/s,10.4 Mb/s,10.4 Mb/s,10.4 Mb/s,10.4 Mb/s,13.0 kb/s,,12.6 Gb/s
2026-01-28 04:25:00,7.13 kb/s,33.2 kb/s,10.4 Mb/s,10.4 Mb/s,10.4 Mb/s,10.4 Mb/s,13.0 kb/s,,13.3 Gb/s
2026-01-28 04:30:00,7.17 kb/s,32.1 kb/s,10.4 Mb/s,10.4 Mb/s,10.4 Mb/s,10.5 Mb/s,13.0 kb/s,,12.6 Gb/s
2026-01-28 04:35:00,7.11 kb/s,30.3 kb/s,10.4 Mb/s,10.4 Mb/s,10.4 Mb/s,10.4 Mb/s,13.0 kb/s,,13.4 Gb/s
2026-01-28 04:40:00,7.16 kb/s,36.7 kb/s,10.4 Mb/s,10.5 Mb/s,10.5 Mb/s,10.5 Mb/s,13.0 kb/s,,11.4 Gb/s
2026-01-28 04:45:00,7.16 kb/s,31.0 kb/s,10.4 Mb/s,10.4 Mb/s,10.4 Mb/s,10.5 Mb/s,13.0 kb/s,,12.8 Gb/s
2026-01-28 04:50:00,7.05 kb/s,34.3 kb/s,8.67 Mb/s,10.4 Mb/s,10.4 Mb/s,10.4 Mb/s,13.0 kb/s,,11.5 Gb/s
2026-01-28 04:55:00,7.05 kb/s,32.0 kb/s,1.79 Mb/s,10.4 Mb/s,10.4 Mb/s,5.23 Mb/s,12.8 kb/s,,12.8 Gb/s
2026-01-28 05:00:00,7.05 kb/s,32.9 kb/s,10.4 Mb/s,5.23 Mb/s,104 kb/s,5.23 Mb/s,13.0 kb/s,,13.6 Gb/s
2026-01-28 05:05:00,7.10 kb/s,32.4 kb/s,10.4 Mb/s,5.23 Mb/s,10.4 Mb/s,10.5 Mb/s,13.0 kb/s,,11.6 Gb/s
2026-01-28 05:10:00,7.18 kb/s,30.4 kb/s,10.4 Mb/s,10.4 Mb/s,10.4 Mb/s,10.4 Mb/s,13.0 kb/s,,13.0 Gb/s
2026-01-28 05:15:00,7.17 kb/s,34.7 kb/s,10.4 Mb/s,10.4 Mb/s,10.5 Mb/s,10.5 Mb/s,13.1 kb/s,,11.7 Gb/s
2026-01-28 05:20:00,7.09 kb/s,32.1 kb/s,10.4 Mb/s,10.4 Mb/s,10.4 Mb/s,10.5 Mb/s,13.0 kb/s,,11.0 Gb/s
2026-01-28 05:25:00,7.10 kb/s,33.3 kb/s,10.4 Mb/s,10.4 Mb/s,10.4 Mb/s,10.4 Mb/s,13.0 kb/s,,13.8 Gb/s
2026-01-28 05:30:00,7.16 kb/s,30.1 kb/s,10.4 Mb/s,10.4 Mb/s,10.4 Mb/s,10.5 Mb/s,13.0 kb/s,,11.8 Gb/s
2026-01-28 05:35:00,7.19 kb/s,33.7 kb/s,10.4 Mb/s,10.4 Mb/s,10.4 Mb/s,10.5 Mb/s,13.0 kb/s,,13.1 Gb/s
2026-01-28 05:40:00,7.05 kb/s,31.5 kb/s,10.4 Mb/s,10.4 Mb/s,10.4 Mb/s,10.4 Mb/s,13.0 kb/s,,11.9 Gb/s
2026-01-28 05:45:00,7.05 kb/s,33.9 kb/s,10.4 Mb/s,10.5 Mb/s,10.4 Mb/s,10.4 Mb/s,13.0 kb/s,,13.2 Gb/s
2026-01-28 05:50:00,7.16 kb/s,30.6 kb/s,5.23 Mb/s,10.4 Mb/s,10.4 Mb/s,10.5 Mb/s,13.0 kb/s,,12.0 Gb/s
2026-01-28 05:55:00,7.10 kb/s,33.0 kb/s,5.23 Mb/s,8.08 Mb/s,5.23 Mb/s,5.09 Mb/s,12.8 kb/s,,13.3 Gb/s
2026-01-28 06:00:00,7.08 kb/s,36.3 kb/s,10.4 Mb/s,2.39 Mb/s,5.23 Mb/s,10.4 Mb/s,13.0 kb/s,,14.1 Gb/s
2026-01-28 06:05:00,7.11 kb/s,32.2 kb/s,10.4 Mb/s,10.4 Mb/s,10.4 Mb/s,10.5 Mb/s,13.0 kb/s,,14.1 Gb/s
2026-01-28 06:10:00,7.08 kb/s,30.6 kb/s,10.4 Mb/s,10.4 Mb/s,10.4 Mb/s,10.4 Mb/s,13.0 kb/s,,13.4 Gb/s
2026-01-28 06:15:00,7.16 kb/s,31.3 kb/s,10.4 Mb/s,10.4 Mb/s,10.4 Mb/s,10.5 Mb/s,13.0 kb/s,,12.2 Gb/s
2026-01-28 06:20:00,7.19 kb/s,31.6 kb/s,10.4 Mb/s,10.4 Mb/s,10.5 Mb/s,10.4 Mb/s,13.0 kb/s,,13.5 Gb/s
2026-01-28 06:25:00,7.10 kb/s,30.9 kb/s,10.4 Mb/s,10.4 Mb/s,10.4 Mb/s,10.4 Mb/s,13.0 kb/s,,14.3 Gb/s
2026-01-28 06:30:00,7.05 kb/s,33.5 kb/s,10.8 Mb/s,10.4 Mb/s,10.4 Mb/s,15.5 Mb/s,13.0 kb/s,,12.3 Gb/s
2026-01-28 06:35:00,7.02 kb/s,36.8 kb/s,2.24 Mb/s,17.8 kb/s,19.0 kb/s,19.1 kb/s,12.8 kb/s,,14.4 Gb/s
2026-01-28 06:40:00,7.07 kb/s,35.0 kb/s,10.4 Mb/s,10.4 Mb/s,10.4 Mb/s,10.4 Mb/s,13.0 kb/s,,12.3 Gb/s
2026-01-28 06:45:00,7.06 kb/s,33.2 kb/s,10.4 Mb/s,10.4 Mb/s,10.5 Mb/s,10.5 Mb/s,13.0 kb/s,,12.4 Gb/s
2026-01-28 06:50:00,7.17 kb/s,31.3 kb/s,10.4 Mb/s,10.4 Mb/s,10.4 Mb/s,10.4 Mb/s,13.0 kb/s,,13.7 Gb/s
2026-01-28 06:55:00,7.16 kb/s,31.1 kb/s,10.4 Mb/s,10.4 Mb/s,10.4 Mb/s,10.4 Mb/s,13.0 kb/s,,14.5 Gb/s
2026-01-28 07:00:00,7.13 kb/s,33.2 kb/s,10.4 Mb/s,10.4 Mb/s,10.4 Mb/s,10.5 Mb/s,13.0 kb/s,,12.5 Gb/s
2026-01-28 07:05:00,7.05 kb/s,31.0 kb/s,13.0 Mb/s,10.4 Mb/s,15.5 Mb/s,10.5 Mb/s,13.0 kb/s,,11.7 Gb/s
2026-01-28 07:10:00,7.16 kb/s,32.5 kb/s,10.4 Mb/s,10.4 Mb/s,10.4 Mb/s,10.4 Mb/s,13.0 kb/s,,14.7 Gb/s
2026-01-28 07:15:00,7.10 kb/s,31.8 kb/s,17.0 kb/s,10.4 Mb/s,7.38 Mb/s,5.23 Mb/s,12.8 kb/s,,13.9 Gb/s
2026-01-28 07:20:00,7.02 kb/s,31.7 kb/s,10.4 Mb/s,5.23 Mb/s,3.09 Mb/s,5.23 Mb/s,13.0 kb/s,,14.7 Gb/s
2026-01-28 07:25:00,7.10 kb/s,32.6 kb/s,10.4 Mb/s,5.23 Mb/s,10.5 Mb/s,10.5 Mb/s,13.0 kb/s,,14.8 Gb/s
2026-01-28 07:30:00,7.08 kb/s,32.2 kb/s,10.4 Mb/s,10.4 Mb/s,10.4 Mb/s,10.5 Mb/s,13.0 kb/s,,16.9 Gb/s
2026-01-28 07:35:00,7.11 kb/s,33.3 kb/s,10.4 Mb/s,10.4 Mb/s,10.4 Mb/s,10.5 Mb/s,13.0 kb/s,,17.0 Gb/s
2026-01-28 07:40:00,7.16 kb/s,33.7 kb/s,10.4 Mb/s,10.4 Mb/s,10.4 Mb/s,10.4 Mb/s,13.0 kb/s,,14.1 Gb/s
2026-01-28 07:45:00,7.16 kb/s,32.1 kb/s,10.4 Mb/s,10.4 Mb/s,10.4 Mb/s,10.5 Mb/s,13.0 kb/s,,14.9 Gb/s
2026-01-28 07:50:00,7.05 kb/s,33.2 kb/s,10.4 Mb/s,10.4 Mb/s,10.5 Mb/s,10.4 Mb/s,13.0 kb/s,,14.1 Gb/s
2026-01-28 07:55:00,7.05 kb/s,31.6 kb/s,5.23 Mb/s,10.4 Mb/s,10.4 Mb/s,9.68 Mb/s,13.0 kb/s,,15.0 Gb/s
2026-01-28 08:00:00,11.3 kb/s,38.3 kb/s,5.23 Mb/s,18.8 kb/s,20.3 kb/s,789 kb/s,13.4 kb/s,,15.1 Gb/s
2026-01-28 08:05:00,24.0 kb/s,32.9 kb/s,10.5 Mb/s,10.5 Mb/s,10.5 Mb/s,10.5 Mb/s,18.5 kb/s,8.67 Mb/s,15.2 Gb/s
2026-01-28 08:10:00,13.0 kb/s,29.0 kb/s,13.0 Mb/s,15.5 Mb/s,20.6 Mb/s,18.1 Mb/s,12.8 kb/s,46.8 Mb/s,10.8 Gb/s
2026-01-28 08:15:00,9.83 kb/s,32.9 kb/s,10.4 Mb/s,10.4 Mb/s,10.4 Mb/s,10.4 Mb/s,5.98 kb/s,30.0 Mb/s,14.9 Gb/s
2026-01-28 08:20:00,8.24 kb/s,32.6 kb/s,10.4 Mb/s,10.4 Mb/s,10.4 Mb/s,10.5 Mb/s,13.5 kb/s,81.4 Mb/s,10.4 Mb/s
2026-01-28 08:25:00,8.23 kb/s,30.0 kb/s,10.4 Mb/s,19.6 Mb/s,28.2 Mb/s,10.5 Mb/s,13.6 kb/s,91.6 Mb/s,10.4 Mb/s
2026-01-28 08:30:00,8.23 kb/s,34.8 kb/s,20.6 Mb/s,25.9 Mb/s,30.7 Mb/s,15.5 Mb/s,13.5 kb/s,81.4 Mb/s,10.4 Mb/s
2026-01-28 08:35:00,8.23 kb/s,36.5 kb/s,28.2 Mb/s,25.8 Mb/s,25.6 Mb/s,30.7 Mb/s,13.6 kb/s,91.6 Mb/s,25.6 Mb/s
2026-01-28 08:40:00,8.22 kb/s,32.2 kb/s,30.7 Mb/s,36.3 Mb/s,30.7 Mb/s,30.7 Mb/s,13.5 kb/s,91.6 Mb/s,84.0 Mb/s
2026-01-28 08:45:00,8.20 kb/s,31.6 kb/s,15.7 Mb/s,20.6 Mb/s,23.1 Mb/s,20.6 Mb/s,13.5 kb/s,51.0 Mb/s,61.2 Mb/s
2026-01-28 08:50:00,8.13 kb/s,33.8 kb/s,4.93 Mb/s,10.4 Mb/s,8.04 Mb/s,5.23 Mb/s,13.3 kb/s,10.4 Mb/s,5.23 Mb/s
2026-01-28 08:55:00,8.09 kb/s,33.1 kb/s,10.4 Mb/s,18.9 kb/s,2.43 Mb/s,5.24 Mb/s,13.6 kb/s,5.23 Mb/s,5.23 Mb/s
2026-01-28 09:00:00,8.15 kb/s,32.7 kb/s,10.4 Mb/s,10.5 Mb/s,10.5 Mb/s,10.5 Mb/s,13.5 kb/s,5.23 Mb/s,10.4 Mb/s
2026-01-28 09:05:00,8.11 kb/s,34.6 kb/s,10.4 Mb/s,10.5 Mb/s,10.5 Mb/s,10.5 Mb/s,13.6 kb/s,10.4 Mb/s,10.4 Mb/s
2026-01-28 09:10:00,8.11 kb/s,32.3 kb/s,10.4 Mb/s,10.4 Mb/s,10.5 Mb/s,10.5 Mb/s,13.6 kb/s,10.4 Mb/s,10.4 Mb/s
2026-01-28 09:15:00,8.23 kb/s,32.6 kb/s,10.4 Mb/s,10.5 Mb/s,10.5 Mb/s,10.5 Mb/s,13.6 kb/s,10.4 Mb/s,10.4 Mb/s
2026-01-28 09:20:00,8.06 kb/s,34.4 kb/s,10.4 Mb/s,13.0 Mb/s,10.5 Mb/s,10.5 Mb/s,13.6 kb/s,28.2 Mb/s,23.1 Mb/s
2026-01-28 09:25:00,8.08 kb/s,34.6 kb/s,10.4 Mb/s,10.5 Mb/s,10.5 Mb/s,10.5 Mb/s,13.6 kb/s,10.4 Mb/s,10.4 Mb/s
2026-01-28 09:30:00,8.08 kb/s,32.0 kb/s,10.4 Mb/s,10.5 Mb/s,10.4 Mb/s,10.5 Mb/s,13.6 kb/s,10.4 Mb/s,10.4 Mb/s
2026-01-28 09:35:00,8.09 kb/s,34.9 kb/s,8.63 Mb/s,10.4 Mb/s,10.5 Mb/s,10.5 Mb/s,13.6 kb/s,10.4 Mb/s,10.4 Mb/s
2026-01-28 09:40:00,8.08 kb/s,35.0 kb/s,1.84 Mb/s,8.34 Mb/s,5.24 Mb/s,20.3 kb/s,13.3 kb/s,9.18 Mb/s,15.1 kb/s
2026-01-28 09:45:00,8.06 kb/s,33.2 kb/s,10.4 Mb/s,2.13 Mb/s,5.24 Mb/s,10.5 Mb/s,13.6 kb/s,1.28 Mb/s,10.4 Mb/s
2026-01-28 09:50:00,8.09 kb/s,33.7 kb/s,10.4 Mb/s,15.5 Mb/s,15.5 Mb/s,10.5 Mb/s,13.6 kb/s,10.4 Mb/s,10.4 Mb/s
2026-01-28 09:55:00,8.20 kb/s,31.9 kb/s,10.4 Mb/s,10.5 Mb/s,10.4 Mb/s,15.5 Mb/s,13.6 kb/s,15.5 Mb/s,10.4 Mb/s
2026-01-28 10:00:00,8.17 kb/s,32.5 kb/s,10.4 Mb/s,10.4 Mb/s,10.5 Mb/s,10.5 Mb/s,13.5 kb/s,10.4 Mb/s,10.4 Mb/s
2026-01-28 10:05:00,8.17 kb/s,31.2 kb/s,10.4 Mb/s,10.4 Mb/s,10.4 Mb/s,10.5 Mb/s,13.6 kb/s,10.4 Mb/s,10.4 Mb/s
2026-01-28 10:10:00,8.14 kb/s,34.1 kb/s,10.4 Mb/s,10.5 Mb/s,10.5 Mb/s,10.5 Mb/s,13.6 kb/s,10.4 Mb/s,10.4 Mb/s
2026-01-28 10:15:00,8.19 kb/s,34.5 kb/s,10.4 Mb/s,10.5 Mb/s,10.4 Mb/s,10.5 Mb/s,13.6 kb/s,10.4 Mb/s,10.4 Mb/s
2026-01-28 10:20:00,8.18 kb/s,33.2 kb/s,10.4 Mb/s,10.4 Mb/s,10.5 Mb/s,10.5 Mb/s,13.6 kb/s,10.4 Mb/s,10.4 Mb/s
2026-01-28 10:25:00,9.03 kb/s,28.3 kb/s,5.09 Mb/s,13.0 Mb/s,10.4 Mb/s,12.3 Mb/s,11.3 kb/s,15.5 Mb/s,3.65 Gb/s
2026-01-28 10:30:00,9.93 kb/s,33.1 kb/s,10.4 Mb/s,5.23 Mb/s,14.4 kb/s,3.24 Mb/s,9.61 kb/s,5.23 Mb/s,7.10 Gb/s
2026-01-28 10:35:00,9.15 kb/s,36.2 kb/s,10.4 Mb/s,5.23 Mb/s,10.4 Mb/s,10.4 Mb/s,6.83 kb/s,9.12 Mb/s,14.9 Gb/s
2026-01-28 10:40:00,8.89 kb/s,32.1 kb/s,10.4 Mb/s,30.7 Mb/s,15.7 Mb/s,10.4 Mb/s,6.10 kb/s,17.0 Mb/s,17.7 Gb/s
2026-01-28 10:45:00,8.92 kb/s,32.8 kb/s,15.7 Mb/s,23.4 Mb/s,25.8 Mb/s,38.6 Mb/s,6.40 kb/s,10.4 Mb/s,17.9 Gb/s
2026-01-28 10:50:00,8.81 kb/s,33.3 kb/s,36.0 Mb/s,20.6 Mb/s,30.7 Mb/s,30.8 Mb/s,6.22 kb/s,10.4 Mb/s,18.0 Gb/s
2026-01-28 10:55:00,8.76 kb/s,34.9 kb/s,15.5 Mb/s,18.0 Mb/s,13.0 Mb/s,15.5 Mb/s,6.30 kb/s,10.4 Mb/s,18.2 Gb/s
2026-01-28 11:00:00,8.84 kb/s,32.5 kb/s,10.4 Mb/s,10.4 Mb/s,10.4 Mb/s,10.4 Mb/s,6.13 kb/s,10.4 Mb/s,18.3 Gb/s
2026-01-28 11:05:00,8.82 kb/s,34.8 kb/s,10.4 Mb/s,10.4 Mb/s,10.4 Mb/s,10.4 Mb/s,6.24 kb/s,10.4 Mb/s,18.3 Gb/s
2026-01-28 11:10:00,8.81 kb/s,35.9 kb/s,10.4 Mb/s,10.4 Mb/s,10.4 Mb/s,10.4 Mb/s,6.30 kb/s,10.4 Mb/s,18.4 Gb/s
2026-01-28 11:15:00,8.89 kb/s,33.0 kb/s,10.4 Mb/s,10.4 Mb/s,10.4 Mb/s,10.4 Mb/s,6.25 kb/s,10.4 Mb/s,18.5 Gb/s
2026-01-28 11:20:00,8.91 kb/s,33.9 kb/s,10.4 Mb/s,20.9 Mb/s,21.4 Mb/s,17.7 Mb/s,6.30 kb/s,20.9 Mb/s,18.6 Gb/s
2026-01-28 11:25:00,8.81 kb/s,33.5 kb/s,17.9 Mb/s,10.4 Mb/s,15.0 Mb/s,21.2 Mb/s,6.50 kb/s,10.4 Mb/s,18.7 Gb/s
2026-01-28 11:30:00,8.84 kb/s,34.1 kb/s,13.4 Mb/s,10.4 Mb/s,10.4 Mb/s,10.4 Mb/s,6.10 kb/s,10.4 Mb/s,18.8 Gb/s
2026-01-28 11:35:00,8.76 kb/s,30.9 kb/s,10.4 Mb/s,10.4 Mb/s,10.4 Mb/s,10.4 Mb/s,6.30 kb/s,10.4 Mb/s,18.8 Gb/s
2026-01-28 11:40:00,8.81 kb/s,34.1 kb/s,10.4 Mb/s,10.4 Mb/s,10.4 Mb/s,10.4 Mb/s,6.07 kb/s,10.4 Mb/s,18.9 Gb/s
2026-01-28 11:45:00,8.82 kb/s,36.0 kb/s,10.4 Mb/s,10.4 Mb/s,10.4 Mb/s,10.4 Mb/s,6.27 kb/s,10.4 Mb/s,18.9 Gb/s
2026-01-28 11:50:00,8.76 kb/s,35.1 kb/s,10.4 Mb/s,13.0 Mb/s,10.4 Mb/s,10.4 Mb/s,6.30 kb/s,10.4 Mb/s,19.0 Gb/s
2026-01-28 11:55:00,8.90 kb/s,32.0 kb/s,10.4 Mb/s,20.9 Mb/s,15.7 Mb/s,10.4 Mb/s,6.24 kb/s,20.9 Mb/s,19.1 Gb/s
2026-01-28 12:00:00,8.86 kb/s,29.9 kb/s,17.7 Mb/s,10.4 Mb/s,15.7 Mb/s,20.9 Mb/s,6.48 kb/s,10.4 Mb/s,19.2 Gb/s
2026-01-28 12:05:00,8.82 kb/s,33.2 kb/s,13.6 Mb/s,10.4 Mb/s,10.4 Mb/s,10.4 Mb/s,6.24 kb/s,10.4 Mb/s,19.2 Gb/s
2026-01-28 12:10:00,8.79 kb/s,31.1 kb/s,10.4 Mb/s,10.4 Mb/s,10.4 Mb/s,10.4 Mb/s,6.04 kb/s,10.4 Mb/s,19.3 Gb/s
2026-01-28 12:15:00,8.84 kb/s,32.1 kb/s,13.0 Mb/s,13.0 Mb/s,10.4 Mb/s,10.4 Mb/s,6.27 kb/s,15.5 Mb/s,19.4 Gb/s
2026-01-28 12:20:00,8.81 kb/s,35.5 kb/s,10.4 Mb/s,10.4 Mb/s,10.4 Mb/s,10.4 Mb/s,6.24 kb/s,10.4 Mb/s,19.4 Gb/s
2026-01-28 12:25:00,8.87 kb/s,33.7 kb/s,10.4 Mb/s,10.4 Mb/s,10.4 Mb/s,10.4 Mb/s,6.30 kb/s,10.4 Mb/s,19.5 Gb/s
2026-01-28 12:30:00,8.86 kb/s,34.4 kb/s,10.4 Mb/s,17.9 Mb/s,15.7 Mb/s,10.4 Mb/s,6.13 kb/s,18.8 Mb/s,19.6 Gb/s
2026-01-28 12:35:00,8.95 kb/s,29.4 kb/s,15.7 Mb/s,13.5 Mb/s,15.7 Mb/s,20.9 Mb/s,6.53 kb/s,12.5 Mb/s,19.6 Gb/s
2026-01-28 12:40:00,8.78 kb/s,31.8 kb/s,15.7 Mb/s,10.4 Mb/s,10.4 Mb/s,10.4 Mb/s,6.10 kb/s,10.4 Mb/s,19.7 Gb/s
2026-01-28 12:45:00,8.83 kb/s,32.7 kb/s,15.5 Mb/s,10.4 Mb/s,10.4 Mb/s,10.4 Mb/s,6.30 kb/s,10.4 Mb/s,19.8 Gb/s
2026-01-28 12:50:00,8.79 kb/s,34.1 kb/s,10.4 Mb/s,10.4 Mb/s,10.4 Mb/s,10.4 Mb/s,6.10 kb/s,10.4 Mb/s,19.8 Gb/s
2026-01-28 12:55:00,8.84 kb/s,31.6 kb/s,10.4 Mb/s,10.4 Mb/s,10.4 Mb/s,10.4 Mb/s,6.27 kb/s,10.4 Mb/s,19.9 Gb/s
2026-01-28 13:00:00,8.76 kb/s,31.2 kb/s,10.4 Mb/s,10.4 Mb/s,10.4 Mb/s,10.4 Mb/s,6.27 kb/s,10.4 Mb/s,19.9 Gb/s
2026-01-28 13:05:00,8.85 kb/s,33.8 kb/s,10.4 Mb/s,16.2 Mb/s,10.4 Mb/s,10.4 Mb/s,6.30 kb/s,16.8 Mb/s,20.0 Gb/s
2026-01-28 13:10:00,8.90 kb/s,34.1 kb/s,15.5 Mb/s,15.1 Mb/s,18.4 Mb/s,15.7 Mb/s,6.30 kb/s,14.5 Mb/s,20.1 Gb/s
2026-01-28 13:15:00,8.87 kb/s,33.0 kb/s,20.9 Mb/s,10.4 Mb/s,12.9 Mb/s,15.7 Mb/s,6.56 kb/s,10.4 Mb/s,20.1 Gb/s
2026-01-28 13:20:00,8.88 kb/s,35.3 kb/s,10.4 Mb/s,10.4 Mb/s,10.4 Mb/s,10.4 Mb/s,6.30 kb/s,10.4 Mb/s,20.2 Gb/s
2026-01-28 13:25:00,8.72 kb/s,33.5 kb/s,10.4 Mb/s,10.4 Mb/s,10.4 Mb/s,10.4 Mb/s,6.04 kb/s,10.4 Mb/s,20.3 Gb/s
2026-01-28 13:30:00,8.80 kb/s,26.6 kb/s,10.4 Mb/s,10.4 Mb/s,10.4 Mb/s,10.4 Mb/s,6.30 kb/s,10.4 Mb/s,20.3 Gb/s
2026-01-28 13:35:00,8.79 kb/s,31.2 kb/s,10.4 Mb/s,15.5 Mb/s,13.0 Mb/s,10.4 Mb/s,6.30 kb/s,10.4 Mb/s,20.4 Gb/s
2026-01-28 13:40:00,8.87 kb/s,34.1 kb/s,10.4 Mb/s,15.7 Mb/s,10.4 Mb/s,10.4 Mb/s,6.30 kb/s,15.7 Mb/s,20.5 Gb/s
2026-01-28 13:45:00,8.84 kb/s,31.6 kb/s,15.1 Mb/s,15.7 Mb/s,20.9 Mb/s,15.7 Mb/s,6.19 kb/s,15.7 Mb/s,20.6 Gb/s
2026-01-28 13:50:00,8.87 kb/s,32.3 kb/s,16.2 Mb/s,10.4 Mb/s,10.4 Mb/s,15.7 Mb/s,6.41 kb/s,10.4 Mb/s,20.6 Gb/s
2026-01-28 13:55:00,8.76 kb/s,31.5 kb/s,10.4 Mb/s,10.4 Mb/s,10.4 Mb/s,10.4 Mb/s,6.07 kb/s,10.4 Mb/s,20.7 Gb/s
2026-01-28 14:00:00,8.78 kb/s,32.4 kb/s,10.4 Mb/s,10.4 Mb/s,10.4 Mb/s,10.4 Mb/s,6.30 kb/s,10.4 Mb/s,20.7 Gb/s
2026-01-28 14:05:00,8.73 kb/s,33.9 kb/s,10.4 Mb/s,10.4 Mb/s,10.4 Mb/s,10.4 Mb/s,6.10 kb/s,10.4 Mb/s,20.8 Gb/s
2026-01-28 14:10:00,8.90 kb/s,35.4 kb/s,10.4 Mb/s,10.4 Mb/s,10.4 Mb/s,10.4 Mb/s,6.30 kb/s,10.4 Mb/s,20.9 Gb/s
2026-01-28 14:15:00,8.81 kb/s,33.8 kb/s,10.4 Mb/s,15.7 Mb/s,10.4 Mb/s,10.4 Mb/s,6.31 kb/s,15.7 Mb/s,20.9 Gb/s
2026-01-28 14:20:00,9.05 kb/s,28.9 kb/s,15.7 Mb/s,15.7 Mb/s,20.9 Mb/s,20.0 Mb/s,6.53 kb/s,15.7 Mb/s,21.0 Gb/s
2026-01-28 14:25:00,8.70 kb/s,31.1 kb/s,15.7 Mb/s,10.4 Mb/s,10.4 Mb/s,11.3 Mb/s,6.04 kb/s,10.4 Mb/s,21.1 Gb/s
2026-01-28 14:30:00,8.84 kb/s,35.2 kb/s,13.0 Mb/s,13.0 Mb/s,15.5 Mb/s,13.0 Mb/s,6.30 kb/s,15.5 Mb/s,21.2 Gb/s
2026-01-28 14:35:00,8.70 kb/s,32.5 kb/s,10.4 Mb/s,10.4 Mb/s,10.4 Mb/s,10.4 Mb/s,6.04 kb/s,10.4 Mb/s,21.2 Gb/s
2026-01-28 14:40:00,8.87 kb/s,31.7 kb/s,10.4 Mb/s,10.4 Mb/s,10.4 Mb/s,10.4 Mb/s,6.30 kb/s,10.4 Mb/s,21.3 Gb/s
2026-01-28 14:45:00,8.73 kb/s,36.9 kb/s,10.4 Mb/s,10.4 Mb/s,10.4 Mb/s,10.4 Mb/s,6.07 kb/s,10.4 Mb/s,21.3 Gb/s
2026-01-28 14:50:00,8.88 kb/s,34.8 kb/s,10.4 Mb/s,15.7 Mb/s,10.4 Mb/s,10.4 Mb/s,6.30 kb/s,15.7 Mb/s,21.4 Gb/s
2026-01-28 14:55:00,8.81 kb/s,31.8 kb/s,10.4 Mb/s,15.7 Mb/s,20.9 Mb/s,18.4 Mb/s,6.19 kb/s,15.7 Mb/s,21.5 Gb/s
2026-01-28 15:00:00,8.80 kb/s,33.7 kb/s,20.9 Mb/s,10.4 Mb/s,10.4 Mb/s,15.5 Mb/s,6.33 kb/s,10.4 Mb/s,21.5 Gb/s
2026-01-28 15:05:00,8.73 kb/s,30.6 kb/s,10.4 Mb/s,10.4 Mb/s,10.4 Mb/s,10.4 Mb/s,6.21 kb/s,10.4 Mb/s,21.6 Gb/s
2026-01-28 15:10:00,8.87 kb/s,30.2 kb/s,10.4 Mb/s,10.4 Mb/s,10.4 Mb/s,10.4 Mb/s,6.30 kb/s,10.4 Mb/s,21.7 Gb/s
2026-01-28 15:15:00,8.84 kb/s,34.6 kb/s,10.4 Mb/s,10.4 Mb/s,10.4 Mb/s,10.4 Mb/s,6.27 kb/s,10.4 Mb/s,21.7 Gb/s
2026-01-28 15:20:00,8.87 kb/s,34.3 kb/s,10.4 Mb/s,10.4 Mb/s,10.4 Mb/s,10.4 Mb/s,6.30 kb/s,10.4 Mb/s,21.8 Gb/s
2026-01-28 15:25:00,8.75 kb/s,33.8 kb/s,10.4 Mb/s,18.5 Mb/s,15.7 Mb/s,10.4 Mb/s,6.16 kb/s,18.9 Mb/s,21.9 Gb/s
2026-01-28 15:30:00,8.89 kb/s,31.0 kb/s,15.7 Mb/s,12.8 Mb/s,15.7 Mb/s,20.2 Mb/s,6.33 kb/s,12.4 Mb/s,21.9 Gb/s
2026-01-28 15:35:00,8.82 kb/s,36.7 kb/s,15.7 Mb/s,10.4 Mb/s,10.4 Mb/s,11.1 Mb/s,6.24 kb/s,10.4 Mb/s,22.0 Gb/s
2026-01-28 15:40:00,8.87 kb/s,32.9 kb/s,10.4 Mb/s,10.4 Mb/s,10.4 Mb/s,10.4 Mb/s,6.27 kb/s,10.4 Mb/s,22.1 Gb/s
2026-01-28 15:45:00,8.83 kb/s,32.7 kb/s,10.4 Mb/s,10.4 Mb/s,10.4 Mb/s,10.4 Mb/s,6.27 kb/s,10.4 Mb/s,22.1 Gb/s
2026-01-28 15:50:00,8.73 kb/s,28.6 kb/s,10.4 Mb/s,10.4 Mb/s,10.4 Mb/s,10.4 Mb/s,6.07 kb/s,10.4 Mb/s,22.2 Gb/s
2026-01-28 15:55:00,8.85 kb/s,35.0 kb/s,10.4 Mb/s,10.4 Mb/s,10.4 Mb/s,10.4 Mb/s,6.30 kb/s,10.4 Mb/s,22.3 Gb/s
2026-01-28 16:00:00,8.70 kb/s,34.6 kb/s,10.4 Mb/s,15.7 Mb/s,10.4 Mb/s,10.4 Mb/s,6.07 kb/s,16.2 Mb/s,22.3 Gb/s
2026-01-28 16:05:00,9.02 kb/s,34.4 kb/s,11.4 Mb/s,15.7 Mb/s,20.9 Mb/s,15.7 Mb/s,6.45 kb/s,15.1 Mb/s,22.4 Gb/s
2026-01-28 16:10:00,8.82 kb/s,33.6 kb/s,19.9 Mb/s,10.4 Mb/s,10.4 Mb/s,15.7 Mb/s,6.31 kb/s,10.4 Mb/s,22.5 Gb/s
2026-01-28 16:15:00,8.76 kb/s,32.2 kb/s,13.0 Mb/s,10.4 Mb/s,10.4 Mb/s,15.5 Mb/s,6.07 kb/s,10.4 Mb/s,22.5 Gb/s
2026-01-28 16:20:00,8.85 kb/s,32.1 kb/s,10.4 Mb/s,10.4 Mb/s,10.4 Mb/s,10.4 Mb/s,6.27 kb/s,10.4 Mb/s,22.6 Gb/s
2026-01-28 16:25:00,8.87 kb/s,30.8 kb/s,10.4 Mb/s,10.4 Mb/s,10.4 Mb/s,10.4 Mb/s,6.30 kb/s,10.4 Mb/s,22.7 Gb/s
2026-01-28 16:30:00,8.83 kb/s,32.9 kb/s,10.4 Mb/s,10.4 Mb/s,10.4 Mb/s,10.4 Mb/s,6.24 kb/s,10.4 Mb/s,22.7 Gb/s
2026-01-28 16:35:00,8.85 kb/s,31.7 kb/s,10.4 Mb/s,15.7 Mb/s,10.4 Mb/s,10.4 Mb/s,6.27 kb/s,15.7 Mb/s,22.8 Gb/s
2026-01-28 16:40:00,8.99 kb/s,34.1 kb/s,10.4 Mb/s,15.7 Mb/s,20.9 Mb/s,15.7 Mb/s,6.40 kb/s,15.7 Mb/s,22.9 Gb/s
2026-01-28 16:45:00,8.82 kb/s,32.9 kb/s,23.4 Mb/s,10.4 Mb/s,13.0 Mb/s,15.7 Mb/s,6.40 kb/s,10.4 Mb/s,22.9 Gb/s
2026-01-28 16:50:00,8.81 kb/s,36.0 kb/s,10.4 Mb/s,10.4 Mb/s,10.4 Mb/s,10.4 Mb/s,6.24 kb/s,10.4 Mb/s,23.0 Gb/s
2026-01-28 16:55:00,8.79 kb/s,29.3 kb/s,10.4 Mb/s,10.4 Mb/s,10.4 Mb/s,10.4 Mb/s,6.30 kb/s,10.4 Mb/s,23.1 Gb/s
2026-01-28 17:00:00,8.81 kb/s,36.9 kb/s,10.4 Mb/s,10.4 Mb/s,10.4 Mb/s,10.4 Mb/s,6.21 kb/s,10.4 Mb/s,23.1 Gb/s
2026-01-28 17:05:00,8.85 kb/s,29.8 kb/s,10.4 Mb/s,10.4 Mb/s,10.4 Mb/s,10.4 Mb/s,6.27 kb/s,10.4 Mb/s,23.2 Gb/s
2026-01-28 17:10:00,8.90 kb/s,33.1 kb/s,10.4 Mb/s,10.4 Mb/s,13.0 Mb/s,10.4 Mb/s,6.27 kb/s,15.7 Mb/s,23.2 Gb/s
2026-01-28 17:15:00,8.92 kb/s,34.8 kb/s,10.4 Mb/s,20.9 Mb/s,17.9 Mb/s,10.4 Mb/s,6.24 kb/s,15.7 Mb/s,23.3 Gb/s
2026-01-28 17:20:00,8.76 kb/s,34.4 kb/s,18.5 Mb/s,10.4 Mb/s,13.4 Mb/s,20.9 Mb/s,6.39 kb/s,10.4 Mb/s,23.4 Gb/s
2026-01-28 17:25:00,8.81 kb/s,33.0 kb/s,12.8 Mb/s,10.4 Mb/s,10.4 Mb/s,10.4 Mb/s,6.24 kb/s,10.4 Mb/s,23.4 Gb/s
2026-01-28 17:30:00,8.81 kb/s,30.8 kb/s,10.4 Mb/s,10.4 Mb/s,10.4 Mb/s,10.4 Mb/s,6.27 kb/s,10.4 Mb/s,23.5 Gb/s
2026-01-28 17:35:00,8.79 kb/s,30.4 kb/s,10.4 Mb/s,10.4 Mb/s,10.4 Mb/s,13.0 Mb/s,6.13 kb/s,10.4 Mb/s,23.6 Gb/s
2026-01-28 17:40:00,8.81 kb/s,35.0 kb/s,10.4 Mb/s,10.4 Mb/s,13.0 Mb/s,10.4 Mb/s,6.24 kb/s,10.4 Mb/s,23.6 Gb/s
2026-01-28 17:45:00,8.78 kb/s,32.7 kb/s,10.4 Mb/s,15.7 Mb/s,10.4 Mb/s,10.4 Mb/s,6.30 kb/s,15.7 Mb/s,23.7 Gb/s
2026-01-28 17:50:00,8.94 kb/s,32.9 kb/s,10.4 Mb/s,15.7 Mb/s,20.9 Mb/s,15.7 Mb/s,6.37 kb/s,15.7 Mb/s,23.8 Gb/s
2026-01-28 17:55:00,8.90 kb/s,36.4 kb/s,20.9 Mb/s,10.4 Mb/s,10.4 Mb/s,15.7 Mb/s,6.23 kb/s,10.4 Mb/s,23.8 Gb/s
2026-01-28 18:00:00,8.83 kb/s,33.0 kb/s,10.4 Mb/s,10.4 Mb/s,10.4 Mb/s,10.4 Mb/s,6.22 kb/s,10.4 Mb/s,23.9 Gb/s
2026-01-28 18:05:00,8.85 kb/s,33.1 kb/s,10.4 Mb/s,15.5 Mb/s,10.4 Mb/s,10.4 Mb/s,6.21 kb/s,10.4 Mb/s,24.0 Gb/s
2026-01-28 18:10:00,8.84 kb/s,33.8 kb/s,10.4 Mb/s,10.4 Mb/s,10.4 Mb/s,10.4 Mb/s,6.24 kb/s,10.4 Mb/s,24.0 Gb/s
2026-01-28 18:15:00,8.84 kb/s,33.9 kb/s,10.4 Mb/s,10.4 Mb/s,10.4 Mb/s,10.4 Mb/s,6.27 kb/s,10.4 Mb/s,24.1 Gb/s
2026-01-28 18:20:00,8.76 kb/s,37.1 kb/s,10.4 Mb/s,10.4 Mb/s,10.4 Mb/s,10.4 Mb/s,6.24 kb/s,10.4 Mb/s,24.2 Gb/s
2026-01-28 18:25:00,8.87 kb/s,33.4 kb/s,10.4 Mb/s,20.9 Mb/s,19.6 Mb/s,15.7 Mb/s,6.25 kb/s,20.9 Mb/s,24.2 Gb/s
2026-01-28 18:30:00,8.84 kb/s,31.2 kb/s,20.9 Mb/s,10.4 Mb/s,11.7 Mb/s,15.7 Mb/s,6.38 kb/s,10.4 Mb/s,24.3 Gb/s
2026-01-28 18:35:00,8.76 kb/s,32.2 kb/s,10.4 Mb/s,10.4 Mb/s,10.4 Mb/s,10.4 Mb/s,6.24 kb/s,10.4 Mb/s,24.4 Gb/s
2026-01-28 18:40:00,8.90 kb/s,32.4 kb/s,10.4 Mb/s,10.4 Mb/s,10.4 Mb/s,10.4 Mb/s,6.13 kb/s,10.4 Mb/s,24.4 Gb/s
2026-01-28 18:45:00,8.83 kb/s,31.0 kb/s,10.4 Mb/s,10.4 Mb/s,10.4 Mb/s,10.4 Mb/s,6.24 kb/s,10.4 Mb/s,24.5 Gb/s
2026-01-28 18:50:00,8.87 kb/s,35.3 kb/s,10.4 Mb/s,10.4 Mb/s,10.4 Mb/s,10.4 Mb/s,6.13 kb/s,10.4 Mb/s,24.6 Gb/s
2026-01-28 18:55:00,8.84 kb/s,33.9 kb/s,10.4 Mb/s,15.7 Mb/s,10.4 Mb/s,10.4 Mb/s,6.27 kb/s,15.7 Mb/s,24.6 Gb/s
2026-01-28 19:00:00,8.93 kb/s,33.3 kb/s,10.4 Mb/s,15.7 Mb/s,20.9 Mb/s,15.7 Mb/s,6.32 kb/s,15.7 Mb/s,24.7 Gb/s
2026-01-28 19:05:00,8.70 kb/s,33.5 kb/s,20.9 Mb/s,10.4 Mb/s,10.4 Mb/s,15.7 Mb/s,6.46 kb/s,10.4 Mb/s,24.8 Gb/s
2026-01-28 19:10:00,8.87 kb/s,33.6 kb/s,10.4 Mb/s,10.4 Mb/s,10.4 Mb/s,10.4 Mb/s,6.13 kb/s,10.4 Mb/s,24.8 Gb/s
2026-01-28 19:15:00,8.81 kb/s,29.7 kb/s,10.4 Mb/s,10.4 Mb/s,10.4 Mb/s,10.4 Mb/s,6.24 kb/s,10.4 Mb/s,24.9 Gb/s
2026-01-28 19:20:00,8.82 kb/s,33.6 kb/s,10.4 Mb/s,10.4 Mb/s,10.4 Mb/s,10.4 Mb/s,6.30 kb/s,10.4 Mb/s,25.0 Gb/s
2026-01-28 19:25:00,8.81 kb/s,33.1 kb/s,10.4 Mb/s,10.4 Mb/s,10.4 Mb/s,13.0 Mb/s,6.24 kb/s,15.5 Mb/s,25.0 Gb/s
2026-01-28 19:30:00,8.80 kb/s,34.2 kb/s,10.4 Mb/s,15.7 Mb/s,10.4 Mb/s,10.4 Mb/s,6.28 kb/s,15.7 Mb/s,25.1 Gb/s
2026-01-28 19:35:00,8.96 kb/s,31.7 kb/s,15.7 Mb/s,15.7 Mb/s,20.9 Mb/s,18.7 Mb/s,6.33 kb/s,15.7 Mb/s,25.2 Gb/s
2026-01-28 19:40:00,8.87 kb/s,33.9 kb/s,15.7 Mb/s,10.4 Mb/s,10.4 Mb/s,12.6 Mb/s,6.21 kb/s,10.4 Mb/s,25.2 Gb/s
2026-01-28 19:45:00,8.70 kb/s,33.7 kb/s,10.4 Mb/s,10.4 Mb/s,10.4 Mb/s,10.4 Mb/s,6.24 kb/s,10.4 Mb/s,25.3 Gb/s
2026-01-28 19:50:00,8.87 kb/s,30.8 kb/s,10.4 Mb/s,10.4 Mb/s,10.4 Mb/s,10.4 Mb/s,6.30 kb/s,10.4 Mb/s,25.3 Gb/s
2026-01-28 19:55:00,8.87 kb/s,32.3 kb/s,10.4 Mb/s,10.4 Mb/s,10.4 Mb/s,10.4 Mb/s,6.13 kb/s,10.4 Mb/s,25.4 Gb/s
2026-01-28 20:00:00,8.82 kb/s,34.9 kb/s,10.4 Mb/s,10.4 Mb/s,10.4 Mb/s,10.4 Mb/s,6.27 kb/s,10.4 Mb/s,25.5 Gb/s
2026-01-28 20:05:00,8.73 kb/s,35.2 kb/s,10.4 Mb/s,15.7 Mb/s,10.4 Mb/s,10.4 Mb/s,6.24 kb/s,15.7 Mb/s,25.5 Gb/s
2026-01-28 20:10:00,8.98 kb/s,31.9 kb/s,15.7 Mb/s,15.7 Mb/s,20.9 Mb/s,18.7 Mb/s,6.25 kb/s,15.7 Mb/s,25.6 Gb/s
2026-01-28 20:15:00,8.89 kb/s,33.6 kb/s,15.7 Mb/s,10.4 Mb/s,10.4 Mb/s,12.6 Mb/s,6.22 kb/s,10.4 Mb/s,25.7 Gb/s
2026-01-28 20:20:00,8.85 kb/s,32.2 kb/s,10.4 Mb/s,10.4 Mb/s,10.4 Mb/s,10.4 Mb/s,6.30 kb/s,10.4 Mb/s,25.7 Gb/s
2026-01-28 20:25:00,8.79 kb/s,26.8 kb/s,10.4 Mb/s,10.4 Mb/s,10.4 Mb/s,10.4 Mb/s,6.27 kb/s,10.4 Mb/s,25.8 Gb/s
2026-01-28 20:30:00,8.84 kb/s,34.7 kb/s,10.4 Mb/s,10.4 Mb/s,10.4 Mb/s,10.4 Mb/s,6.27 kb/s,10.4 Mb/s,25.9 Gb/s
2026-01-28 20:35:00,8.87 kb/s,34.4 kb/s,10.4 Mb/s,10.4 Mb/s,10.4 Mb/s,10.4 Mb/s,6.16 kb/s,10.4 Mb/s,25.9 Gb/s
2026-01-28 20:40:00,8.73 kb/s,29.2 kb/s,10.4 Mb/s,20.9 Mb/s,18.1 Mb/s,14.2 Mb/s,6.24 kb/s,20.9 Mb/s,26.0 Gb/s
2026-01-28 20:45:00,8.84 kb/s,33.6 kb/s,20.9 Mb/s,10.4 Mb/s,13.2 Mb/s,17.1 Mb/s,6.42 kb/s,10.4 Mb/s,26.1 Gb/s
2026-01-28 20:50:00,8.71 kb/s,32.9 kb/s,10.4 Mb/s,10.4 Mb/s,10.4 Mb/s,10.4 Mb/s,6.24 kb/s,10.4 Mb/s,26.1 Gb/s
2026-01-28 20:55:00,8.87 kb/s,31.1 kb/s,10.4 Mb/s,10.4 Mb/s,10.4 Mb/s,10.4 Mb/s,6.27 kb/s,10.4 Mb/s,26.2 Gb/s
2026-01-28 21:00:00,8.89 kb/s,30.7 kb/s,10.4 Mb/s,10.4 Mb/s,10.4 Mb/s,10.4 Mb/s,6.30 kb/s,10.4 Mb/s,26.3 Gb/s
2026-01-28 21:05:00,8.73 kb/s,34.2 kb/s,10.4 Mb/s,10.4 Mb/s,10.4 Mb/s,10.4 Mb/s,6.24 kb/s,10.4 Mb/s,26.3 Gb/s
2026-01-28 21:10:00,8.84 kb/s,32.2 kb/s,10.4 Mb/s,15.7 Mb/s,10.4 Mb/s,10.4 Mb/s,6.13 kb/s,15.7 Mb/s,26.4 Gb/s
2026-01-28 21:15:00,8.99 kb/s,31.2 kb/s,15.7 Mb/s,15.7 Mb/s,20.9 Mb/s,18.3 Mb/s,6.40 kb/s,15.7 Mb/s,26.5 Gb/s
2026-01-28 21:20:00,8.70 kb/s,33.2 kb/s,15.7 Mb/s,10.4 Mb/s,10.4 Mb/s,13.0 Mb/s,6.31 kb/s,10.4 Mb/s,26.6 Gb/s
2026-01-28 21:25:00,8.81 kb/s,32.7 kb/s,10.4 Mb/s,10.4 Mb/s,10.4 Mb/s,10.4 Mb/s,6.27 kb/s,10.4 Mb/s,26.6 Gb/s
2026-01-28 21:30:00,8.87 kb/s,32.7 kb/s,10.4 Mb/s,10.4 Mb/s,10.4 Mb/s,10.4 Mb/s,6.27 kb/s,10.4 Mb/s,26.7 Gb/s
2026-01-28 21:35:00,8.73 kb/s,32.0 kb/s,10.4 Mb/s,10.4 Mb/s,10.4 Mb/s,10.4 Mb/s,6.24 kb/s,10.4 Mb/s,26.7 Gb/s
2026-01-28 21:40:00,8.90 kb/s,34.4 kb/s,10.4 Mb/s,10.4 Mb/s,10.4 Mb/s,10.4 Mb/s,6.21 kb/s,10.4 Mb/s,26.8 Gb/s
2026-01-28 21:45:00,8.89 kb/s,33.5 kb/s,10.4 Mb/s,20.9 Mb/s,16.1 Mb/s,10.4 Mb/s,6.30 kb/s,20.9 Mb/s,26.9 Gb/s
2026-01-28 21:50:00,8.82 kb/s,31.9 kb/s,10.4 Mb/s,10.4 Mb/s,15.2 Mb/s,17.3 Mb/s,6.39 kb/s,10.4 Mb/s,26.9 Gb/s
2026-01-28 21:55:00,8.81 kb/s,33.3 kb/s,20.9 Mb/s,10.4 Mb/s,10.4 Mb/s,14.0 Mb/s,6.32 kb/s,10.4 Mb/s,27.0 Gb/s
2026-01-28 22:00:00,8.84 kb/s,32.9 kb/s,10.4 Mb/s,10.4 Mb/s,10.4 Mb/s,10.4 Mb/s,6.13 kb/s,10.4 Mb/s,27.1 Gb/s
2026-01-28 22:05:00,8.73 kb/s,31.0 kb/s,10.4 Mb/s,10.4 Mb/s,13.0 Mb/s,10.4 Mb/s,6.27 kb/s,10.4 Mb/s,27.1 Gb/s
2026-01-28 22:10:00,8.81 kb/s,32.1 kb/s,10.4 Mb/s,10.4 Mb/s,10.4 Mb/s,10.4 Mb/s,6.21 kb/s,10.4 Mb/s,27.2 Gb/s
2026-01-28 22:15:00,8.82 kb/s,33.8 kb/s,10.4 Mb/s,10.4 Mb/s,10.4 Mb/s,10.4 Mb/s,6.30 kb/s,10.4 Mb/s,27.3 Gb/s
2026-01-28 22:20:00,8.91 kb/s,32.1 kb/s,10.4 Mb/s,20.9 Mb/s,15.7 Mb/s,10.4 Mb/s,6.24 kb/s,20.9 Mb/s,27.3 Gb/s
2026-01-28 22:25:00,8.87 kb/s,31.3 kb/s,18.2 Mb/s,10.4 Mb/s,15.7 Mb/s,20.9 Mb/s,6.36 kb/s,10.4 Mb/s,27.4 Gb/s
2026-01-28 22:30:00,8.83 kb/s,33.7 kb/s,13.2 Mb/s,10.4 Mb/s,10.4 Mb/s,10.4 Mb/s,6.24 kb/s,10.4 Mb/s,27.5 Gb/s
2026-01-28 22:35:00,8.84 kb/s,32.2 kb/s,10.4 Mb/s,13.0 Mb/s,10.4 Mb/s,10.4 Mb/s,6.10 kb/s,10.4 Mb/s,27.5 Gb/s
2026-01-28 22:40:00,8.79 kb/s,30.3 kb/s,10.4 Mb/s,10.4 Mb/s,10.4 Mb/s,10.4 Mb/s,6.30 kb/s,10.4 Mb/s,27.6 Gb/s
2026-01-28 22:45:00,8.84 kb/s,35.8 kb/s,10.4 Mb/s,10.4 Mb/s,10.4 Mb/s,10.4 Mb/s,6.24 kb/s,10.4 Mb/s,27.7 Gb/s
2026-01-28 22:50:00,8.84 kb/s,33.3 kb/s,10.4 Mb/s,15.7 Mb/s,10.4 Mb/s,10.4 Mb/s,6.13 kb/s,15.7 Mb/s,27.7 Gb/s
2026-01-28 22:55:00,8.90 kb/s,29.7 kb/s,10.4 Mb/s,15.7 Mb/s,20.9 Mb/s,15.7 Mb/s,6.45 kb/s,15.7 Mb/s,27.8 Gb/s
2026-01-28 23:00:00,8.81 kb/s,32.9 kb/s,20.9 Mb/s,10.4 Mb/s,10.4 Mb/s,15.7 Mb/s,6.21 kb/s,13.0 Mb/s,27.9 Gb/s
2026-01-28 23:05:00,8.76 kb/s,32.8 kb/s,10.4 Mb/s,10.4 Mb/s,10.4 Mb/s,10.4 Mb/s,6.30 kb/s,10.4 Mb/s,27.9 Gb/s
2026-01-28 23:10:00,8.83 kb/s,30.7 kb/s,10.4 Mb/s,10.4 Mb/s,10.4 Mb/s,10.4 Mb/s,6.24 kb/s,10.4 Mb/s,28.0 Gb/s
2026-01-28 23:15:00,8.83 kb/s,33.4 kb/s,10.4 Mb/s,10.4 Mb/s,10.4 Mb/s,10.4 Mb/s,6.11 kb/s,10.4 Mb/s,28.1 Gb/s
2026-01-28 23:20:00,8.76 kb/s,34.4 kb/s,10.4 Mb/s,10.4 Mb/s,10.4 Mb/s,10.4 Mb/s,6.30 kb/s,10.4 Mb/s,28.1 Gb/s
2026-01-28 23:25:00,8.84 kb/s,33.8 kb/s,10.4 Mb/s,17.9 Mb/s,15.7 Mb/s,10.4 Mb/s,6.24 kb/s,18.4 Mb/s,28.2 Gb/s
2026-01-28 23:30:00,8.90 kb/s,31.9 kb/s,10.4 Mb/s,13.4 Mb/s,15.7 Mb/s,15.7 Mb/s,6.40 kb/s,12.9 Mb/s,28.3 Gb/s
2026-01-28 23:35:00,8.73 kb/s,33.2 kb/s,20.9 Mb/s,10.4 Mb/s,10.4 Mb/s,15.7 Mb/s,6.40 kb/s,10.4 Mb/s,28.3 Gb/s
2026-01-28 23:40:00,8.84 kb/s,33.2 kb/s,10.4 Mb/s,10.4 Mb/s,10.4 Mb/s,10.4 Mb/s,6.27 kb/s,10.4 Mb/s,28.4 Gb/s
2026-01-28 23:45:00,8.84 kb/s,30.0 kb/s,10.4 Mb/s,10.4 Mb/s,10.4 Mb/s,10.4 Mb/s,6.07 kb/s,10.4 Mb/s,28.5 Gb/s
2026-01-28 23:50:00,8.79 kb/s,32.3 kb/s,10.4 Mb/s,10.4 Mb/s,10.4 Mb/s,10.4 Mb/s,6.30 kb/s,10.4 Mb/s,28.5 Gb/s
2026-01-28 23:55:00,8.89 kb/s,35.2 kb/s,10.4 Mb/s,13.0 Mb/s,10.4 Mb/s,10.4 Mb/s,6.30 kb/s,10.4 Mb/s,28.6 Gb/s
2026-01-29 00:00:00,8.74 kb/s,33.6 kb/s,10.4 Mb/s,15.7 Mb/s,10.4 Mb/s,10.4 Mb/s,6.11 kb/s,15.7 Mb/s,28.6 Gb/s
2026-01-29 00:05:00,8.93 kb/s,32.0 kb/s,10.4 Mb/s,15.7 Mb/s,18.9 Mb/s,15.7 Mb/s,6.24 kb/s,15.7 Mb/s,28.7 Gb/s
2026-01-29 00:10:00,11.7 kb/s,32.9 kb/s,20.9 Mb/s,10.4 Mb/s,12.4 Mb/s,15.7 Mb/s,7.01 kb/s,10.4 Mb/s,28.8 Gb/s
2026-01-29 00:15:00,11.6 kb/s,31.3 kb/s,10.4 Mb/s,10.4 Mb/s,10.4 Mb/s,10.4 Mb/s,7.29 kb/s,10.4 Mb/s,28.9 Gb/s
2026-01-29 00:20:00,12.9 kb/s,36.9 kb/s,10.4 Mb/s,10.4 Mb/s,10.4 Mb/s,10.4 Mb/s,7.90 kb/s,10.4 Mb/s,28.9 Gb/s
2026-01-29 00:25:00,8.79 kb/s,26.0 kb/s,10.4 Mb/s,10.4 Mb/s,10.4 Mb/s,10.4 Mb/s,5.78 kb/s,10.4 Mb/s,29.0 Gb/s
2026-01-29 00:30:00,8.16 kb/s,34.1 kb/s,10.4 Mb/s,10.4 Mb/s,10.4 Mb/s,10.4 Mb/s,2.48 kb/s,10.4 Mb/s,29.0 Gb/s
2026-01-29 00:35:00,10.2 kb/s,31.9 kb/s,10.4 Mb/s,15.7 Mb/s,11.1 Mb/s,10.4 Mb/s,4.08 kb/s,16.3 Mb/s,29.1 Gb/s
2026-01-29 00:40:00,10.5 kb/s,27.0 kb/s,15.7 Mb/s,15.7 Mb/s,20.2 Mb/s,20.9 Mb/s,4.27 kb/s,15.0 Mb/s,29.2 Gb/s
2026-01-29 00:45:00,10.3 kb/s,33.1 kb/s,15.7 Mb/s,10.4 Mb/s,10.4 Mb/s,10.4 Mb/s,4.07 kb/s,10.4 Mb/s,29.2 Gb/s
2026-01-29 00:50:00,8.15 kb/s,33.0 kb/s,10.4 Mb/s,10.4 Mb/s,10.4 Mb/s,10.4 Mb/s,3.08 kb/s,10.4 Mb/s,29.3 Gb/s
2026-01-29 00:55:00,8.30 kb/s,30.1 kb/s,10.4 Mb/s,10.4 Mb/s,10.4 Mb/s,10.4 Mb/s,3.18 kb/s,10.4 Mb/s,29.4 Gb/s
2026-01-29 01:00:00,8.30 kb/s,33.9 kb/s,10.4 Mb/s,10.4 Mb/s,10.4 Mb/s,10.4 Mb/s,3.10 kb/s,10.4 Mb/s,29.4 Gb/s
2026-01-29 01:05:00,8.30 kb/s,34.4 kb/s,10.4 Mb/s,10.4 Mb/s,10.4 Mb/s,10.4 Mb/s,3.19 kb/s,10.4 Mb/s,29.5 Gb/s
2026-01-29 01:10:00,8.51 kb/s,33.0 kb/s,10.4 Mb/s,20.9 Mb/s,20.2 Mb/s,15.7 Mb/s,3.23 kb/s,20.9 Mb/s,29.6 Gb/s
2026-01-29 01:15:00,8.13 kb/s,33.3 kb/s,20.9 Mb/s,10.4 Mb/s,11.1 Mb/s,15.7 Mb/s,3.14 kb/s,10.4 Mb/s,29.6 Gb/s
2026-01-29 01:20:00,8.22 kb/s,33.1 kb/s,10.4 Mb/s,10.4 Mb/s,10.4 Mb/s,10.4 Mb/s,3.18 kb/s,10.4 Mb/s,29.7 Gb/s
2026-01-29 01:25:00,8.15 kb/s,32.1 kb/s,10.4 Mb/s,10.4 Mb/s,10.4 Mb/s,10.4 Mb/s,3.07 kb/s,10.4 Mb/s,29.8 Gb/s
2026-01-29 01:30:00,8.29 kb/s,28.9 kb/s,10.4 Mb/s,10.4 Mb/s,10.4 Mb/s,10.4 Mb/s,3.18 kb/s,10.4 Mb/s,29.8 Gb/s
2026-01-29 01:35:00,8.31 kb/s,35.0 kb/s,10.4 Mb/s,10.4 Mb/s,10.4 Mb/s,10.4 Mb/s,3.13 kb/s,10.4 Mb/s,29.9 Gb/s
2026-01-29 01:40:00,8.13 kb/s,35.2 kb/s,10.4 Mb/s,16.1 Mb/s,12.9 Mb/s,10.4 Mb/s,3.01 kb/s,17.0 Mb/s,30.0 Gb/s
2026-01-29 01:45:00,8.36 kb/s,31.4 kb/s,15.7 Mb/s,15.2 Mb/s,18.4 Mb/s,20.7 Mb/s,3.36 kb/s,14.3 Mb/s,30.0 Gb/s
2026-01-29 01:50:00,8.25 kb/s,33.4 kb/s,15.7 Mb/s,10.4 Mb/s,10.4 Mb/s,10.6 Mb/s,3.07 kb/s,10.4 Mb/s,30.1 Gb/s
2026-01-29 01:55:00,8.16 kb/s,32.8 kb/s,10.4 Mb/s,10.4 Mb/s,10.4 Mb/s,10.4 Mb/s,3.16 kb/s,10.4 Mb/s,30.2 Gb/s
2026-01-29 02:00:00,8.30 kb/s,31.0 kb/s,10.4 Mb/s,10.4 Mb/s,10.4 Mb/s,10.4 Mb/s,3.10 kb/s,10.4 Mb/s,30.2 Gb/s
2026-01-29 02:05:00,8.20 kb/s,33.2 kb/s,10.4 Mb/s,10.4 Mb/s,10.4 Mb/s,10.4 Mb/s,3.07 kb/s,10.4 Mb/s,30.3 Gb/s
2026-01-29 02:10:00,8.32 kb/s,32.0 kb/s,10.4 Mb/s,10.4 Mb/s,10.4 Mb/s,10.4 Mb/s,3.19 kb/s,15.7 Mb/s,30.4 Gb/s
2026-01-29 02:15:00,8.39 kb/s,32.7 kb/s,10.4 Mb/s,20.9 Mb/s,20.9 Mb/s,15.7 Mb/s,3.19 kb/s,15.7 Mb/s,30.4 Gb/s
2026-01-29 02:20:00,8.31 kb/s,33.6 kb/s,20.9 Mb/s,10.4 Mb/s,10.4 Mb/s,15.7 Mb/s,3.21 kb/s,10.4 Mb/s,30.5 Gb/s
2026-01-29 02:25:00,8.27 kb/s,33.9 kb/s,10.4 Mb/s,10.4 Mb/s,10.4 Mb/s,10.4 Mb/s,3.15 kb/s,10.4 Mb/s,30.6 Gb/s
2026-01-29 02:30:00,8.30 kb/s,32.0 kb/s,10.4 Mb/s,10.4 Mb/s,10.4 Mb/s,10.4 Mb/s,3.18 kb/s,10.4 Mb/s,30.6 Gb/s
2026-01-29 02:35:00,8.19 kb/s,32.0 kb/s,10.4 Mb/s,10.4 Mb/s,10.4 Mb/s,10.4 Mb/s,3.07 kb/s,10.4 Mb/s,30.7 Gb/s
2026-01-29 02:40:00,8.24 kb/s,33.0 kb/s,10.4 Mb/s,10.4 Mb/s,10.4 Mb/s,10.4 Mb/s,3.15 kb/s,10.4 Mb/s,30.8 Gb/s
2026-01-29 02:45:00,8.30 kb/s,34.3 kb/s,10.4 Mb/s,10.4 Mb/s,10.4 Mb/s,10.4 Mb/s,3.19 kb/s,10.4 Mb/s,30.8 Gb/s
2026-01-29 02:50:00,8.48 kb/s,31.8 kb/s,10.4 Mb/s,20.9 Mb/s,20.3 Mb/s,15.7 Mb/s,3.20 kb/s,20.9 Mb/s,30.9 Gb/s
2026-01-29 02:55:00,8.18 kb/s,33.5 kb/s,20.9 Mb/s,10.4 Mb/s,11.0 Mb/s,15.7 Mb/s,3.17 kb/s,10.4 Mb/s,31.0 Gb/s
2026-01-29 03:00:00,8.26 kb/s,32.2 kb/s,10.4 Mb/s,10.4 Mb/s,10.4 Mb/s,10.4 Mb/s,3.16 kb/s,10.4 Mb/s,31.0 Gb/s
2026-01-29 03:05:00,8.25 kb/s,31.2 kb/s,10.4 Mb/s,10.4 Mb/s,10.4 Mb/s,10.4 Mb/s,3.10 kb/s,10.4 Mb/s,31.1 Gb/s
2026-01-29 03:10:00,8.19 kb/s,30.7 kb/s,10.4 Mb/s,10.4 Mb/s,10.4 Mb/s,10.4 Mb/s,3.10 kb/s,10.4 Mb/s,31.2 Gb/s
2026-01-29 03:15:00,8.30 kb/s,35.2 kb/s,10.4 Mb/s,10.4 Mb/s,10.4 Mb/s,10.4 Mb/s,3.13 kb/s,10.4 Mb/s,31.2 Gb/s
2026-01-29 03:20:00,8.16 kb/s,35.3 kb/s,10.4 Mb/s,15.7 Mb/s,10.4 Mb/s,10.4 Mb/s,3.13 kb/s,15.7 Mb/s,31.3 Gb/s
2026-01-29 03:25:00,8.33 kb/s,31.3 kb/s,10.4 Mb/s,15.7 Mb/s,20.9 Mb/s,16.8 Mb/s,3.24 kb/s,15.7 Mb/s,31.4 Gb/s
2026-01-29 03:30:00,8.24 kb/s,32.8 kb/s,20.9 Mb/s,10.4 Mb/s,10.4 Mb/s,14.6 Mb/s,3.15 kb/s,13.0 Mb/s,31.4 Gb/s
2026-01-29 03:35:00,8.28 kb/s,32.5 kb/s,10.4 Mb/s,10.4 Mb/s,10.4 Mb/s,10.4 Mb/s,3.18 kb/s,10.4 Mb/s,31.5 Gb/s
2026-01-29 03:40:00,8.18 kb/s,32.9 kb/s,10.4 Mb/s,10.4 Mb/s,10.4 Mb/s,10.4 Mb/s,3.12 kb/s,10.4 Mb/s,31.6 Gb/s
2026-01-29 03:45:00,8.29 kb/s,32.8 kb/s,10.4 Mb/s,10.4 Mb/s,10.4 Mb/s,10.4 Mb/s,3.18 kb/s,10.4 Mb/s,31.6 Gb/s
2026-01-29 03:50:00,8.16 kb/s,33.8 kb/s,10.4 Mb/s,10.4 Mb/s,10.4 Mb/s,10.4 Mb/s,3.10 kb/s,10.4 Mb/s,31.7 Gb/s
2026-01-29 03:55:00,8.32 kb/s,34.3 kb/s,13.0 Mb/s,17.4 Mb/s,15.7 Mb/s,10.4 Mb/s,3.18 kb/s,18.2 Mb/s,31.7 Gb/s
2026-01-29 04:00:00,8.29 kb/s,31.5 kb/s,15.7 Mb/s,13.9 Mb/s,15.7 Mb/s,20.3 Mb/s,3.23 kb/s,13.1 Mb/s,31.8 Gb/s
2026-01-29 04:05:00,8.19 kb/s,33.2 kb/s,15.7 Mb/s,10.4 Mb/s,10.4 Mb/s,11.0 Mb/s,3.11 kb/s,10.4 Mb/s,31.9 Gb/s
2026-01-29 04:10:00,8.24 kb/s,33.2 kb/s,10.4 Mb/s,10.4 Mb/s,10.4 Mb/s,10.4 Mb/s,3.13 kb/s,10.4 Mb/s,31.9 Gb/s
2026-01-29 04:15:00,8.22 kb/s,32.5 kb/s,10.4 Mb/s,10.4 Mb/s,10.4 Mb/s,10.4 Mb/s,3.10 kb/s,10.4 Mb/s,32.0 Gb/s
2026-01-29 04:20:00,8.19 kb/s,32.1 kb/s,10.4 Mb/s,10.4 Mb/s,10.4 Mb/s,10.4 Mb/s,3.13 kb/s,10.4 Mb/s,32.1 Gb/s
2026-01-29 04:25:00,8.26 kb/s,33.4 kb/s,10.4 Mb/s,10.4 Mb/s,10.4 Mb/s,10.4 Mb/s,3.13 kb/s,10.4 Mb/s,32.1 Gb/s
2026-01-29 04:30:00,8.28 kb/s,34.0 kb/s,10.4 Mb/s,20.9 Mb/s,15.7 Mb/s,10.4 Mb/s,3.10 kb/s,20.9 Mb/s,32.2 Gb/s
2026-01-29 04:35:00,8.29 kb/s,32.4 kb/s,20.1 Mb/s,10.4 Mb/s,15.7 Mb/s,20.9 Mb/s,3.24 kb/s,10.4 Mb/s,32.3 Gb/s
2026-01-29 04:40:00,8.22 kb/s,33.1 kb/s,11.3 Mb/s,10.4 Mb/s,10.4 Mb/s,10.4 Mb/s,3.10 kb/s,10.4 Mb/s,32.3 Gb/s
2026-01-29 04:45:00,8.27 kb/s,33.0 kb/s,10.4 Mb/s,10.4 Mb/s,10.4 Mb/s,10.4 Mb/s,3.18 kb/s,10.4 Mb/s,32.4 Gb/s
2026-01-29 04:50:00,8.27 kb/s,29.6 kb/s,10.4 Mb/s,10.4 Mb/s,10.4 Mb/s,10.4 Mb/s,3.13 kb/s,10.4 Mb/s,32.5 Gb/s
2026-01-29 04:55:00,8.25 kb/s,34.3 kb/s,10.4 Mb/s,10.4 Mb/s,10.4 Mb/s,10.4 Mb/s,3.16 kb/s,10.4 Mb/s,32.5 Gb/s
2026-01-29 05:00:00,8.30 kb/s,35.6 kb/s,10.4 Mb/s,10.4 Mb/s,10.4 Mb/s,10.4 Mb/s,3.19 kb/s,10.4 Mb/s,32.6 Gb/s
2026-01-29 05:05:00,8.35 kb/s,32.7 kb/s,10.4 Mb/s,20.9 Mb/s,15.7 Mb/s,10.4 Mb/s,3.16 kb/s,20.9 Mb/s,32.7 Gb/s
2026-01-29 05:10:00,8.34 kb/s,32.8 kb/s,20.7 Mb/s,10.4 Mb/s,15.6 Mb/s,20.9 Mb/s,3.24 kb/s,10.4 Mb/s,32.7 Gb/s
2026-01-29 05:15:00,8.18 kb/s,32.4 kb/s,10.6 Mb/s,10.4 Mb/s,10.4 Mb/s,10.4 Mb/s,3.10 kb/s,10.4 Mb/s,32.8 Gb/s
2026-01-29 05:20:00,8.31 kb/s,31.8 kb/s,10.4 Mb/s,10.4 Mb/s,10.4 Mb/s,10.4 Mb/s,3.16 kb/s,10.4 Mb/s,32.9 Gb/s
2026-01-29 05:25:00,8.24 kb/s,30.0 kb/s,10.4 Mb/s,10.4 Mb/s,10.4 Mb/s,10.4 Mb/s,3.13 kb/s,10.4 Mb/s,32.9 Gb/s
2026-01-29 05:30:00,8.19 kb/s,35.5 kb/s,10.4 Mb/s,10.4 Mb/s,10.4 Mb/s,10.4 Mb/s,3.10 kb/s,10.4 Mb/s,33.0 Gb/s
2026-01-29 05:35:00,8.30 kb/s,33.6 kb/s,10.4 Mb/s,15.7 Mb/s,10.4 Mb/s,10.4 Mb/s,3.18 kb/s,15.7 Mb/s,33.1 Gb/s
2026-01-29 05:40:00,8.33 kb/s,32.5 kb/s,10.4 Mb/s,15.7 Mb/s,20.9 Mb/s,15.7 Mb/s,3.21 kb/s,15.7 Mb/s,33.1 Gb/s
2026-01-29 05:45:00,8.28 kb/s,32.9 kb/s,20.9 Mb/s,10.4 Mb/s,10.4 Mb/s,15.7 Mb/s,3.15 kb/s,10.4 Mb/s,33.2 Gb/s
2026-01-29 05:50:00,8.25 kb/s,32.4 kb/s,10.4 Mb/s,10.4 Mb/s,10.4 Mb/s,10.4 Mb/s,3.13 kb/s,10.4 Mb/s,33.3 Gb/s
2026-01-29 05:55:00,8.18 kb/s,31.0 kb/s,10.4 Mb/s,10.4 Mb/s,10.4 Mb/s,10.4 Mb/s,3.10 kb/s,10.4 Mb/s,33.3 Gb/s
2026-01-29 06:00:00,8.32 kb/s,34.4 kb/s,10.4 Mb/s,10.4 Mb/s,10.4 Mb/s,10.4 Mb/s,3.07 kb/s,10.4 Mb/s,33.4 Gb/s
2026-01-29 06:05:00,8.28 kb/s,33.3 kb/s,10.4 Mb/s,10.4 Mb/s,10.4 Mb/s,10.4 Mb/s,3.16 kb/s,10.4 Mb/s,33.5 Gb/s
2026-01-29 06:10:00,8.26 kb/s,29.4 kb/s,10.4 Mb/s,20.9 Mb/s,17.5 Mb/s,13.6 Mb/s,3.16 kb/s,20.9 Mb/s,33.5 Gb/s
2026-01-29 06:15:00,8.32 kb/s,33.6 kb/s,20.9 Mb/s,10.4 Mb/s,13.8 Mb/s,17.7 Mb/s,3.24 kb/s,10.4 Mb/s,33.6 Gb/s
2026-01-29 06:20:00,8.27 kb/s,33.7 kb/s,10.4 Mb/s,10.4 Mb/s,10.4 Mb/s,10.4 Mb/s,3.16 kb/s,10.4 Mb/s,33.7 Gb/s
2026-01-29 06:25:00,8.13 kb/s,28.5 kb/s,10.4 Mb/s,10.4 Mb/s,10.4 Mb/s,10.4 Mb/s,3.16 kb/s,10.4 Mb/s,33.7 Gb/s
2026-01-29 06:30:00,8.30 kb/s,32.4 kb/s,10.4 Mb/s,10.4 Mb/s,10.4 Mb/s,10.4 Mb/s,3.10 kb/s,10.4 Mb/s,33.8 Gb/s
2026-01-29 06:35:00,8.28 kb/s,34.9 kb/s,10.4 Mb/s,10.4 Mb/s,10.4 Mb/s,10.4 Mb/s,3.12 kb/s,10.4 Mb/s,33.9 Gb/s
2026-01-29 06:40:00,8.18 kb/s,35.9 kb/s,10.4 Mb/s,15.7 Mb/s,10.4 Mb/s,10.4 Mb/s,3.10 kb/s,15.7 Mb/s,33.9 Gb/s
2026-01-29 06:45:00,8.43 kb/s,31.7 kb/s,15.7 Mb/s,15.7 Mb/s,20.9 Mb/s,17.3 Mb/s,3.24 kb/s,15.7 Mb/s,34.0 Gb/s
2026-01-29 06:50:00,8.14 kb/s,33.1 kb/s,15.7 Mb/s,10.4 Mb/s,10.4 Mb/s,14.0 Mb/s,3.13 kb/s,10.4 Mb/s,34.1 Gb/s
2026-01-29 06:55:00,8.30 kb/s,32.6 kb/s,10.4 Mb/s,10.4 Mb/s,10.4 Mb/s,10.4 Mb/s,3.16 kb/s,10.4 Mb/s,34.1 Gb/s
2026-01-29 07:00:00,8.13 kb/s,31.1 kb/s,10.4 Mb/s,10.4 Mb/s,10.4 Mb/s,10.4 Mb/s,3.10 kb/s,10.4 Mb/s,34.2 Gb/s
2026-01-29 07:05:00,8.25 kb/s,34.3 kb/s,10.4 Mb/s,10.4 Mb/s,10.4 Mb/s,10.4 Mb/s,3.10 kb/s,10.4 Mb/s,34.3 Gb/s
2026-01-29 07:10:00,8.27 kb/s,34.1 kb/s,10.4 Mb/s,10.4 Mb/s,10.4 Mb/s,10.4 Mb/s,3.18 kb/s,10.4 Mb/s,34.3 Gb/s
2026-01-29 07:15:00,8.24 kb/s,34.5 kb/s,10.4 Mb/s,20.8 Mb/s,15.7 Mb/s,10.4 Mb/s,3.07 kb/s,20.9 Mb/s,34.4 Gb/s
2026-01-29 07:20:00,8.25 kb/s,29.1 kb/s,15.7 Mb/s,10.5 Mb/s,15.7 Mb/s,20.9 Mb/s,3.29 kb/s,10.4 Mb/s,34.5 Gb/s